CustomerID,sum_revenue,Tier
15039,19786.44,Gold
12731,18793.41,Gold
12471,18740.92,Gold
15159,18573.68,Gold
12678,17588.26,Gold
17428,17078.45,Gold
13881,16989.52,Gold
13767,16945.71,Gold
12921,16389.74,Gold
12901,16293.1,Gold
17677,16219.22,Gold
15856,16173.67,Gold
15189,15802.14,Gold
14051,15477.34,Gold
16839,15357.78,Gold
14031,14634.64,Gold
15513,14520.08,Gold
16133,14305.66,Gold
14866,14197.45,Gold
16705,13946.130000000001,Gold
12681,13677.59,Gold
12621,13612.07,Gold
12433,13375.87,Gold
12540,13309.04,Gold
12477,13117.01,Gold
17735,13110.02,Gold
14258,12650.08,Gold
15640,12433.34,Gold
13078,12432.28,Gold
15498,12396.46,Gold
16000,12393.7,Gold
12682,12288.22,Gold
12557,11990.960000000001,Gold
16525,11895.57,Gold
17340,11891.18,Gold
14606,11713.85,Gold
12939,11581.8,Gold
14607,11341.1,Gold
14194,11216.75,Gold
15125,11117.05,Gold
12409,11056.93,Gold
14895,11020.26,Gold
12971,10930.26,Gold
13340,10736.48,Silver
17581,10736.11,Silver
13319,10664.34,Silver
14769,10641.6,Silver
17139,10585.57,Silver
13113,10510.0,Silver
14062,10464.85,Silver
16779,10454.05,Silver
17107,10380.43,Silver
15615,10360.04,Silver
15251,10327.11,Silver
16180,10217.48,Silver
16843,10183.82,Silver
17865,10158.54,Silver
17706,10097.37,Silver
12590,9861.38,Silver
13199,9803.96,Silver
13001,9797.92,Silver
15078,9623.35,Silver
13458,9537.92,Silver
14733,9451.54,Silver
16523,9295.67,Silver
12709,9294.1,Silver
14667,9231.2,Silver
14367,9167.82,Silver
12744,9120.39,Silver
12567,9114.94,Silver
18092,9065.76,Silver
13969,8986.69,Silver
12451,8933.52,Silver
13488,8910.61,Silver
16033,8727.61,Silver
13090,8689.39,Silver
17243,8628.55,Silver
17306,8600.73,Silver
17017,8574.11,Silver
16656,8568.24,Silver
18139,8393.22,Silver
16558,8257.04,Silver
15358,8234.8,Silver
12683,8221.09,Silver
14056,8124.4,Silver
14936,8117.42,Silver
16672,8093.59,Silver
13854,8025.0199999999995,Silver
18109,7925.32,Silver
14952,7912.79,Silver
14849,7904.28,Silver
12428,7877.2,Silver
14796,7839.51,Silver
12435,7829.89,Silver
15290,7803.7699999999995,Silver
13629,7792.36,Silver
13093,7741.47,Silver
14527,7711.38,Silver
17811,7677.71,Silver
15044,7629.38,Silver
15194,7521.17,Silver
18172,7490.17,Silver
13263,7454.07,Silver
17396,7330.8,Silver
18229,7276.9,Silver
13018,7272.75,Silver
12583,7187.34,Silver
16745,7170.7,Silver
12474,7116.47,Silver
12980,7092.06,Silver
16729,7076.28,Silver
13324,7072.8,Silver
16873,7066.31,Silver
13985,7024.53,Silver
14961,7006.58,Silver
12766,6989.63,Silver
12798,6977.04,Silver
15465,6945.0199999999995,Silver
13027,6912.0,Silver
12989,6854.51,Silver
16187,6841.24,Silver
16713,6840.2300000000005,Silver
17416,6838.34,Silver
12705,6814.24,Silver
15023,6763.16,Silver
18055,6752.14,Silver
16532,6748.8,Silver
12830,6748.4,Silver
15601,6745.360000000001,Silver
13576,6703.3,Silver
16746,6694.31,Silver
16353,6675.71,Silver
16923,6666.83,Silver
15249,6657.360000000001,Silver
16652,6654.26,Silver
16182,6617.65,Silver
17338,6612.18,Silver
15482,6568.72,Silver
12476,6546.58,Silver
15144,6530.04,Silver
16814,6500.6,Silver
15694,6423.6,Silver
12431,6416.39,Silver
13871,6389.8,Silver
12626,6388.35,Silver
13102,6336.29,Silver
18223,6315.2300000000005,Silver
16126,6287.77,Silver
13709,6249.11,Silver
12359,6245.53,Silver
12472,6229.4800000000005,Silver
13668,6216.07,Silver
12357,6207.67,Silver
17315,6204.46,Silver
15005,6180.49,Silver
14057,6147.4,Silver
14060,6135.38,Silver
15939,6102.26,Silver
17509,6100.74,Silver
13225,6083.04,Silver
14101,5976.79,Silver
12637,5953.25,Silver
15382,5927.86,Silver
13097,5893.32,Silver
13418,5845.4400000000005,Silver
14944,5842.95,Silver
13209,5820.16,Silver
14505,5818.7,Silver
13316,5815.49,Silver
14415,5811.56,Silver
14735,5807.6900000000005,Silver
15218,5756.89,Silver
17686,5739.46,Silver
13178,5725.47,Silver
12720,5713.28,Silver
13050,5684.61,Silver
14110,5669.65,Silver
16553,5664.57,Silver
13468,5656.75,Silver
14049,5639.15,Silver
13004,5613.43,Silver
13534,5613.08,Silver
18118,5595.77,Silver
17049,5594.78,Silver
12481,5590.86,Silver
17757,5585.49,Silver
12839,5583.62,Silver
16767,5580.6,Silver
15502,5541.46,Silver
17716,5505.79,Silver
16985,5461.62,Silver
15805,5452.17,Silver
16609,5450.96,Silver
16265,5423.15,Silver
12490,5417.93,Silver
17719,5367.8,Silver
18225,5361.02,Silver
16161,5352.97,Silver
13269,5315.92,Silver
16303,5305.83,Silver
15150,5303.97,Silver
17730,5288.83,Silver
17850,5288.63,Silver
16258,5203.51,Silver
18226,5192.1,Silver
15727,5178.96,Silver
17858,5155.66,Silver
12362,5154.58,Silver
16701,5150.2699999999995,Silver
13756,5145.12,Silver
15903,5126.34,Silver
17061,5116.13,Silver
14688,5107.38,Silver
18198,5083.06,Silver
15046,5064.01,Silver
12432,5059.32,Bronze
13139,5055.79,Bronze
17602,5050.77,Bronze
15719,5043.96,Bronze
16700,5040.0,Bronze
13599,5030.6,Bronze
15301,5028.12,Bronze
17426,5022.26,Bronze
12444,5005.46,Bronze
14755,4965.38,Bronze
15547,4954.84,Bronze
14329,4928.74,Bronze
16191,4913.32,Bronze
13941,4912.41,Bronze
14709,4911.14,Bronze
12437,4896.66,Bronze
17133,4892.240000000001,Bronze
12688,4873.81,Bronze
12700,4867.99,Bronze
12664,4863.88,Bronze
15786,4834.2,Bronze
14292,4819.33,Bronze
17365,4801.56,Bronze
15738,4788.77,Bronze
13013,4786.99,Bronze
15555,4758.2,Bronze
17690,4748.45,Bronze
17652,4737.13,Bronze
12955,4734.26,Bronze
16722,4711.21,Bronze
14562,4709.22,Bronze
12714,4708.86,Bronze
14135,4690.31,Bronze
15152,4684.24,Bronze
14159,4678.3,Bronze
15187,4670.08,Bronze
14191,4660.01,Bronze
14180,4640.77,Bronze
17809,4627.62,Bronze
14189,4604.31,Bronze
16931,4604.22,Bronze
15291,4596.51,Bronze
14286,4595.81,Bronze
14390,4592.47,Bronze
14004,4582.64,Bronze
17068,4531.34,Bronze
17613,4509.37,Bronze
12484,4495.27,Bronze
12524,4485.72,Bronze
12627,4478.53,Bronze
15032,4464.1,Bronze
17364,4455.73,Bronze
14085,4435.79,Bronze
15093,4410.14,Bronze
13267,4404.4400000000005,Bronze
17975,4393.61,Bronze
16984,4392.42,Bronze
15955,4389.81,Bronze
16626,4379.65,Bronze
12752,4366.78,Bronze
16945,4345.5,Bronze
15874,4330.67,Bronze
14016,4328.46,Bronze
18251,4314.72,Bronze
12347,4310.0,Bronze
17937,4301.22,Bronze
13505,4282.88,Bronze
15034,4277.66,Bronze
14422,4263.64,Bronze
12712,4241.63,Bronze
14800,4236.34,Bronze
12757,4227.7,Bronze
14525,4221.37,Bronze
12500,4206.2699999999995,Bronze
17920,4204.1,Bronze
17419,4200.97,Bronze
15971,4199.85,Bronze
12747,4196.01,Bronze
18041,4161.14,Bronze
16549,4154.64,Bronze
13555,4149.28,Bronze
12949,4143.02,Bronze
13384,4122.28,Bronze
15570,4109.97,Bronze
12536,4106.82,Bronze
13988,4098.8,Bronze
14534,4075.35,Bronze
16592,4073.28,Bronze
12449,4067.29,Bronze
12569,4064.9900000000002,Bronze
14092,4063.1,Bronze
16401,4061.2400000000002,Bronze
14401,4039.98,Bronze
16670,4022.46,Bronze
13815,4014.91,Bronze
17567,4012.56,Bronze
12378,4008.62,Bronze
16186,3991.94,Bronze
17001,3989.57,Bronze
14547,3986.7400000000002,Bronze
12867,3986.22,Bronze
12656,3982.72,Bronze
12957,3979.04,Bronze
15416,3974.37,Bronze
15529,3967.78,Bronze
17769,3960.63,Bronze
13183,3957.78,Bronze
14277,3957.0,Bronze
17611,3947.87,Bronze
12727,3947.7000000000003,Bronze
17377,3925.92,Bronze
14426,3918.9,Bronze
17593,3911.56,Bronze
13802,3906.27,Bronze
14739,3899.1,Bronze
17651,3886.67,Bronze
12841,3876.4,Bronze
14291,3873.3,Bronze
12779,3868.7,Bronze
12749,3868.2,Bronze
13124,3866.33,Bronze
13999,3865.26,Bronze
18073,3864.44,Bronze
15195,3861.0,Bronze
12539,3852.5,Bronze
15804,3848.55,Bronze
16327,3844.2200000000003,Bronze
12662,3817.08,Bronze
17091,3802.81,Bronze
15867,3797.79,Bronze
16655,3794.52,Bronze
13435,3794.4900000000002,Bronze
15299,3787.09,Bronze
12562,3781.7400000000002,Bronze
15298,3774.1,Bronze
16168,3770.6,Bronze
18087,3770.12,Bronze
17173,3755.65,Bronze
13523,3755.38,Bronze
16904,3754.27,Bronze
12429,3750.4,Bronze
17238,3744.65,Bronze
12668,3743.1800000000003,Bronze
16145,3741.98,Bronze
14282,3729.34,Bronze
15808,3724.77,Bronze
12502,3723.87,Bronze
13069,3717.82,Bronze
13266,3717.67,Bronze
14364,3717.35,Bronze
16240,3693.81,Bronze
12597,3683.13,Bronze
12647,3669.92,Bronze
16253,3665.62,Bronze
17819,3661.07,Bronze
12553,3652.25,Bronze
18079,3651.97,Bronze
15845,3650.87,Bronze
16712,3645.43,Bronze
16440,3640.67,Bronze
15379,3631.8900000000003,Bronze
13381,3626.81,Bronze
16570,3622.95,Bronze
13327,3617.57,Bronze
15296,3610.31,Bronze
13137,3605.08,Bronze
16242,3598.26,Bronze
13082,3595.48,Bronze
14132,3580.13,Bronze
12417,3578.8,Bronze
17203,3563.85,Bronze
15484,3563.11,Bronze
13426,3550.7000000000003,Bronze
12370,3545.69,Bronze
14503,3543.26,Bronze
15544,3542.51,Bronze
14040,3542.19,Bronze
17491,3541.92,Bronze
17528,3540.1,Bronze
13552,3539.53,Bronze
13334,3536.82,Bronze
17160,3518.03,Bronze
13953,3515.68,Bronze
16131,3506.54,Bronze
15505,3497.14,Bronze
13520,3487.75,Bronze
16458,3482.7400000000002,Bronze
14907,3478.85,Bronze
14395,3471.91,Bronze
17230,3466.67,Bronze
13448,3465.67,Bronze
17576,3457.78,Bronze
17758,3456.7,Bronze
15410,3450.84,Bronze
16019,3450.24,Bronze
13536,3448.29,Bronze
15129,3447.4,Bronze
15113,3439.41,Bronze
15581,3429.9700000000003,Bronze
15974,3429.55,Bronze
14221,3427.85,Bronze
16360,3411.69,Bronze
13993,3409.66,Bronze
15981,3408.48,Bronze
13437,3408.06,Bronze
17669,3406.7200000000003,Bronze
13842,3385.62,Bronze
13198,3384.09,Bronze
15228,3376.96,Bronze
17725,3371.13,Bronze
13014,3365.43,Bronze
16011,3362.71,Bronze
13148,3348.48,Bronze
13015,3346.28,Bronze
12643,3344.64,Bronze
15708,3329.7200000000003,Bronze
15676,3324.09,Bronze
12594,3320.2200000000003,Bronze
16818,3317.9700000000003,Bronze
14227,3315.71,Bronze
16556,3313.79,Bronze
13373,3312.25,Bronze
14841,3295.76,Bronze
17183,3286.91,Bronze
12480,3281.63,Bronze
12406,3280.75,Bronze
16717,3278.36,Bronze
17723,3276.4000000000005,Bronze
14702,3250.64,Bronze
13952,3246.091,Bronze
15764,3245.47,Bronze
17050,3228.84,Bronze
15622,3224.53,Bronze
13880,3219.77,Bronze
12613,3218.98,Bronze
12619,3214.81,Bronze
15443,3212.16,Bronze
16107,3204.1600000000003,Bronze
17220,3198.25,Bronze
13868,3192.54,Bronze
17685,3191.53,Bronze
13758,3190.55,Bronze
14844,3189.81,Bronze
14388,3172.04,Bronze
16837,3167.73,Bronze
13268,3167.64,Bronze
16041,3166.4,Bronze
17863,3160.0,Bronze
12456,3153.89,Bronze
14145,3148.2,Bronze
15632,3147.31,Bronze
15065,3135.98,Bronze
17231,3127.82,Bronze
13685,3119.44,Bronze
14175,3108.06,Bronze
17672,3106.62,Bronze
13869,3104.9500000000003,Bronze
13742,3102.42,Bronze
13135,3096.0,Bronze
17059,3095.04,Bronze
14235,3093.86,Bronze
14099,3092.9700000000003,Bronze
15491,3090.85,Bronze
14257,3087.27,Bronze
16326,3085.96,Bronze
13362,3085.4900000000002,Bronze
16905,3085.48,Bronze
15998,3084.17,Bronze
13047,3079.1,Bronze
12910,3075.04,Bronze
14565,3073.77,Bronze
18272,3064.78,Bronze
16218,3054.87,Bronze
16940,3049.88,Bronze
14456,3047.63,Bronze
16686,3043.48,Bronze
16607,3038.67,Bronze
16709,3029.87,Bronze
17799,3026.08,Bronze
16156,3024.62,Bronze
13631,3021.77,Bronze
18094,3017.3,Bronze
16678,3013.83,Bronze
12598,3002.68,Bronze
15861,3000.36,Bronze
12395,2998.28,Bronze
14307,2995.7200000000003,Bronze
12670,2986.15,Bronze
12916,2982.35,Bronze
15687,2981.5,Bronze
15854,2974.65,Bronze
16497,2965.69,Bronze
15514,2963.19,Bronze
17659,2954.75,Bronze
14639,2952.34,Bronze
17084,2949.75,Bronze
14146,2949.57,Bronze
12754,2949.12,Bronze
16393,2941.05,Bronze
17444,2940.04,Bronze
14868,2939.64,Bronze
14032,2929.84,Bronze
14530,2925.91,Bronze
17512,2920.04,Bronze
12906,2919.81,Bronze
13451,2916.45,Bronze
14543,2916.17,Bronze
12438,2906.85,Bronze
17924,2894.33,Bronze
18144,2888.75,Bronze
15673,2881.02,Bronze
14251,2879.7000000000003,Bronze
16633,2878.15,Bronze
14005,2874.72,Bronze
13901,2867.2000000000003,Bronze
15628,2865.64,Bronze
12685,2863.08,Bronze
18145,2861.55,Bronze
14299,2855.35,Bronze
12473,2848.23,Bronze
12408,2842.57,Bronze
14535,2841.09,Bronze
14711,2838.2,Bronze
14852,2836.69,Bronze
17596,2827.93,Bronze
13174,2817.03,Bronze
15984,2816.97,Bronze
12356,2811.43,Bronze
16081,2806.9,Bronze
14572,2803.69,Bronze
12758,2791.59,Bronze
17739,2786.05,Bronze
16928,2781.5,Bronze
12388,2780.6600000000003,Bronze
14112,2774.17,Bronze
13769,2771.8700000000003,Bronze
17644,2768.98,Bronze
15356,2766.5,Bronze
13735,2766.18,Bronze
13230,2763.41,Bronze
16871,2761.4900000000002,Bronze
15114,2760.56,Bronze
16764,2758.25,Bronze
14626,2757.07,Bronze
15993,2756.82,Bronze
16316,2755.56,Bronze
12578,2753.36,Bronze
13870,2751.25,Bronze
14854,2749.89,Bronze
17504,2745.28,Bronze
14903,2744.48,Bronze
17213,2741.08,Bronze
14125,2740.43,Bronze
14121,2740.3,Bronze
16003,2735.37,Bronze
12380,2720.56,Bronze
18230,2716.6,Bronze
12840,2714.27,Bronze
13285,2709.12,Bronze
13654,2707.33,Bronze
13971,2702.2200000000003,Bronze
18097,2692.85,Bronze
14107,2688.48,Bronze
17386,2686.42,Bronze
14732,2686.34,Bronze
15796,2666.61,Bronze
14713,2664.26,Bronze
12360,2662.06,Bronze
14439,2661.24,Bronze
17069,2655.2200000000003,Bronze
13851,2651.46,Bronze
15321,2650.73,Bronze
15696,2644.46,Bronze
13804,2635.79,Bronze
15671,2635.4900000000002,Bronze
17402,2633.85,Bronze
18077,2633.01,Bronze
13771,2631.7,Bronze
16618,2630.64,Bronze
12721,2628.98,Bronze
15752,2628.93,Bronze
17965,2622.57,Bronze
18210,2621.38,Bronze
14262,2618.23,Bronze
12708,2616.32,Bronze
12625,2614.32,Bronze
12836,2612.86,Bronze
17346,2611.58,Bronze
16255,2609.3,Bronze
12726,2609.1,Bronze
16241,2607.87,Bronze
14408,2606.53,Bronze
13422,2601.55,Bronze
13644,2597.52,Bronze
16919,2596.45,Bronze
18260,2595.0,Bronze
15782,2593.94,Bronze
13983,2590.46,Bronze
13895,2588.12,Bronze
13021,2584.4,Bronze
12520,2582.51,Bronze
12600,2581.04,Bronze
13911,2580.91,Bronze
15485,2575.0,Bronze
15521,2574.65,Bronze
17655,2571.7400000000002,Bronze
15033,2571.02,Bronze
16308,2560.0,Bronze
14397,2556.68,Bronze
15572,2552.86,Bronze
13136,2545.38,Bronze
13344,2543.7200000000003,Bronze
14676,2543.2400000000002,Bronze
14334,2539.46,Bronze
13883,2538.75,Bronze
18075,2538.7200000000003,Bronze
14243,2535.88,Bronze
13471,2531.58,Bronze
16912,2528.67,Bronze
17317,2524.02,Bronze
15245,2515.84,Bronze
17728,2515.6800000000003,Bronze
17314,2514.76,Bronze
17700,2508.89,Bronze
18245,2507.56,Bronze
17449,2504.86,Bronze
13695,2504.13,Bronze
13975,2503.23,Bronze
16477,2494.46,Bronze
14546,2487.02,Bronze
14701,2486.2200000000003,Bronze
15271,2485.82,Bronze
12913,2483.63,Bronze
16710,2483.04,Bronze
13507,2479.16,Bronze
12455,2466.86,Bronze
17164,2466.4,Bronze
12517,2464.89,Bronze
17131,2463.17,Bronze
13784,2462.79,Bronze
15932,2461.85,Bronze
17682,2459.33,Bronze
14315,2456.98,Bronze
14842,2456.8,Bronze
14659,2456.53,Bronze
15750,2451.23,Bronze
14163,2445.91,Bronze
13588,2445.12,Bronze
13949,2427.32,Bronze
14766,2423.07,Bronze
15606,2422.64,Bronze
13658,2421.47,Bronze
15089,2420.84,Bronze
16143,2419.84,Bronze
12397,2409.9,Bronze
17589,2404.17,Bronze
15980,2398.86,Bronze
13141,2385.8,Bronze
17071,2385.48,Bronze
17530,2385.0,Bronze
14554,2381.04,Bronze
17722,2380.64,Bronze
18065,2380.08,Bronze
14930,2372.86,Bronze
13722,2369.16,Bronze
14493,2362.84,Bronze
17634,2361.9700000000003,Bronze
15370,2360.55,Bronze
14030,2360.09,Bronze
14440,2357.68,Bronze
14502,2351.02,Bronze
15140,2350.0,Bronze
15527,2348.82,Bronze
13908,2347.05,Bronze
18259,2338.6,Bronze
17434,2333.42,Bronze
12483,2327.13,Bronze
14239,2323.5,Bronze
14309,2319.6800000000003,Bronze
15755,2318.88,Bronze
13994,2313.14,Bronze
13394,2312.8,Bronze
17838,2312.7,Bronze
14290,2307.4500000000003,Bronze
15288,2306.52,Bronze
15785,2303.75,Bronze
17211,2299.67,Bronze
15105,2298.93,Bronze
15270,2298.2,Bronze
17954,2295.37,Bronze
13704,2295.31,Bronze
15704,2293.62,Bronze
12615,2291.19,Bronze
17744,2291.08,Bronze
17313,2288.13,Bronze
12684,2283.63,Bronze
17188,2275.58,Bronze
12782,2273.32,Bronze
17768,2273.1800000000003,Bronze
14466,2272.4,Bronze
16735,2269.21,Bronze
16550,2266.25,Bronze
18257,2265.38,Bronze
13700,2265.12,Bronze
13527,2263.76,Bronze
16209,2262.62,Bronze
14432,2255.51,Bronze
15235,2247.51,Bronze
16771,2246.81,Bronze
16782,2242.25,Bronze
15665,2242.01,Bronze
15281,2239.95,Bronze
16293,2236.7400000000002,Bronze
14700,2235.3,Bronze
18242,2232.4900000000002,Bronze
14825,2226.9100000000003,Bronze
12704,2220.84,Bronze
12876,2218.02,Bronze
17591,2215.02,Bronze
15373,2213.11,Bronze
17442,2210.2599999999998,Bronze
12653,2209.85,Bronze
14211,2208.3,Bronze
15797,2207.4,Bronze
13115,2205.63,Bronze
12755,2203.2000000000003,Bronze
13831,2202.99,Bronze
13680,2202.31,Bronze
14226,2201.64,Bronze
17696,2201.05,Bronze
15123,2199.31,Bronze
14776,2195.58,Bronze
16743,2191.84,Bronze
13365,2191.22,Bronze
13862,2187.31,Bronze
15179,2186.2000000000003,Bronze
15394,2183.54,Bronze
16628,2183.04,Bronze
15722,2181.21,Bronze
14808,2175.37,Bronze
14560,2174.18,Bronze
16076,2173.53,Bronze
15811,2171.32,Bronze
14341,2166.38,Bronze
12856,2162.68,Bronze
16456,2158.37,Bronze
12935,2156.45,Bronze
13755,2154.68,Bronze
13224,2150.85,Bronze
16966,2148.47,Bronze
17272,2144.53,Bronze
12633,2140.63,Bronze
16057,2140.2200000000003,Bronze
13317,2140.07,Bronze
14828,2139.76,Bronze
16379,2131.9,Bronze
17400,2129.96,Bronze
12909,2128.83,Bronze
14360,2128.23,Bronze
16407,2126.93,Bronze
15058,2124.99,Bronze
18061,2119.41,Bronze
13632,2117.02,Bronze
18008,2116.19,Bronze
14691,2114.33,Bronze
14407,2111.08,Bronze
13517,2109.07,Bronze
13265,2107.66,Bronze
18173,2106.84,Bronze
14461,2103.06,Bronze
14515,2102.09,Bronze
12560,2101.39,Bronze
15815,2100.6,Bronze
17191,2095.13,Bronze
18283,2094.88,Bronze
13571,2092.32,Bronze
13297,2089.85,Bronze
12501,2089.68,Bronze
14810,2087.88,Bronze
18044,2085.65,Bronze
16954,2085.08,Bronze
15834,2084.9,Bronze
14306,2083.42,Bronze
18093,2083.42,Bronze
14696,2070.97,Bronze
14482,2068.15,Bronze
14209,2067.13,Bronze
18231,2066.17,Bronze
12928,2062.7,Bronze
16281,2062.06,Bronze
17861,2059.2,Bronze
18241,2058.09,Bronze
12610,2057.99,Bronze
12518,2056.89,Bronze
13126,2056.29,Bronze
17667,2055.51,Bronze
12948,2053.7,Bronze
17086,2050.08,Bronze
17625,2047.0,Bronze
17597,2044.3700000000001,Bronze
14232,2043.93,Bronze
13450,2043.72,Bronze
14640,2042.15,Bronze
17090,2041.8500000000001,Bronze
17846,2033.1,Bronze
14001,2030.3300000000002,Bronze
16409,2028.88,Bronze
16358,2024.95,Bronze
14544,2024.45,Bronze
16875,2023.47,Bronze
18069,2021.82,Bronze
15341,2020.52,Bronze
18219,2019.77,Bronze
14188,2018.91,Bronze
14506,2012.17,Bronze
15531,2007.44,Bronze
15372,2007.4,Bronze
16098,2005.63,Bronze
14730,2005.06,Bronze
17082,2003.8500000000001,Bronze
16754,2002.4,Bronze
13305,2000.86,Bronze
18188,1998.49,Bronze
16698,1998.0,Bronze
13630,1995.68,Bronze
17827,1995.46,Bronze
17612,1992.76,Bronze
17679,1992.1100000000001,Bronze
17088,1991.01,Bronze
13593,1990.28,Bronze
13495,1990.1200000000001,Bronze
17940,1983.5800000000002,Bronze
12585,1982.81,Bronze
18204,1979.3,Bronze
13590,1976.1200000000001,Bronze
15493,1967.25,Bronze
14462,1965.9,Bronze
17790,1965.55,Bronze
17218,1960.72,Bronze
16341,1959.38,Bronze
14498,1957.32,Bronze
17554,1952.45,Bronze
14653,1947.55,Bronze
17337,1944.32,Bronze
14418,1937.25,Bronze
14472,1936.84,Bronze
14978,1931.42,Bronze
14655,1930.15,Bronze
17406,1928.72,Bronze
17490,1926.88,Bronze
14217,1925.3600000000001,Bronze
12528,1922.28,Bronze
13246,1922.1,Bronze
16983,1920.2,Bronze
12674,1919.31,Bronze
12457,1917.78,Bronze
15518,1911.89,Bronze
14285,1910.01,Bronze
14409,1908.25,Bronze
16426,1908.25,Bronze
17228,1906.09,Bronze
16150,1906.07,Bronze
15819,1905.45,Bronze
14250,1904.05,Bronze
16938,1903.13,Bronze
14210,1900.89,Bronze
12762,1898.52,Bronze
16942,1894.1100000000001,Bronze
12584,1893.95,Bronze
17870,1889.4,Bronze
14934,1888.84,Bronze
12371,1887.96,Bronze
15641,1887.2,Bronze
12853,1881.7,Bronze
17463,1881.3600000000001,Bronze
16170,1880.42,Bronze
16128,1880.22,Bronze
17293,1875.11,Bronze
16986,1873.2,Bronze
15021,1872.28,Bronze
15157,1869.5,Bronze
15367,1867.69,Bronze
14524,1867.68,Bronze
17787,1865.19,Bronze
17738,1863.35,Bronze
15351,1862.14,Bronze
14887,1862.0,Bronze
13982,1861.1100000000001,Bronze
13890,1860.8600000000001,Bronze
17422,1853.13,Bronze
12423,1849.1100000000001,Bronze
13421,1848.98,Bronze
18180,1843.75,Bronze
17469,1843.06,Bronze
12950,1843.0,Bronze
15814,1842.73,Bronze
17015,1842.56,Bronze
16102,1842.14,Bronze
16455,1841.18,Bronze
12963,1841.03,Bronze
12383,1839.31,Bronze
14216,1839.3,Bronze
17519,1839.07,Bronze
14459,1837.92,Bronze
18287,1837.28,Bronze
16152,1829.04,Bronze
15203,1827.8,Bronze
18122,1826.21,Bronze
16153,1824.23,Bronze
16169,1822.97,Bronze
16201,1821.52,Bronze
14533,1812.6200000000001,Bronze
16474,1811.47,Bronze
13725,1809.81,Bronze
13650,1809.3400000000001,Bronze
16979,1809.05,Bronze
13048,1805.91,Bronze
12381,1803.96,Bronze
14305,1803.76,Bronze
15812,1801.14,Bronze
16249,1800.07,Bronze
13562,1799.3300000000002,Bronze
13196,1797.78,Bronze
17750,1797.57,Bronze
12348,1797.24,Bronze
18235,1796.48,Bronze
18179,1793.17,Bronze
17648,1789.55,Bronze
17663,1788.27,Bronze
13875,1786.79,Bronze
13510,1785.16,Bronze
14608,1785.15,Bronze
14935,1784.71,Bronze
17629,1784.1200000000001,Bronze
17705,1781.12,Bronze
15260,1780.77,Bronze
16380,1780.59,Bronze
14215,1777.92,Bronze
17092,1777.78,Bronze
13481,1776.81,Bronze
16841,1774.62,Bronze
16719,1773.92,Bronze
14387,1770.56,Bronze
16681,1770.3400000000001,Bronze
15864,1769.78,Bronze
15594,1767.53,Bronze
14621,1765.76,Bronze
16751,1764.72,Bronze
17873,1764.3600000000001,Bronze
12424,1760.96,Bronze
12823,1759.5,Bronze
15220,1758.92,Bronze
12349,1757.55,Bronze
12645,1755.38,Bronze
13808,1747.66,Bronze
12523,1745.57,Bronze
15067,1744.76,Bronze
15674,1744.02,Bronze
13134,1740.63,Bronze
14595,1740.6000000000001,Bronze
17930,1740.48,Bronze
17353,1740.0,Bronze
17754,1739.92,Bronze
15241,1738.59,Bronze
13456,1737.8200000000002,Bronze
17457,1737.7,Bronze
14673,1736.4,Bronze
17043,1735.18,Bronze
15050,1727.17,Bronze
13157,1721.57,Bronze
17702,1719.72,Bronze
15267,1717.36,Bronze
17813,1714.6,Bronze
12405,1710.39,Bronze
13094,1708.8600000000001,Bronze
15947,1708.24,Bronze
12407,1708.12,Bronze
17162,1707.21,Bronze
16902,1706.88,Bronze
16791,1706.28,Bronze
15950,1705.26,Bronze
17282,1703.41,Bronze
16007,1701.94,Bronze
13824,1698.94,Bronze
14834,1698.3500000000001,Bronze
16775,1695.66,Bronze
12764,1693.88,Bronze
16813,1692.98,Bronze
16671,1692.27,Bronze
13763,1689.46,Bronze
12635,1689.18,Bronze
15240,1685.57,Bronze
15380,1682.36,Bronze
13924,1682.08,Bronze
12843,1680.76,Bronze
17147,1679.64,Bronze
14245,1677.48,Bronze
16638,1676.47,Bronze
13149,1676.06,Bronze
17656,1674.69,Bronze
17193,1674.46,Bronze
13647,1670.22,Bronze
16115,1667.97,Bronze
12912,1662.3,Bronze
15214,1661.44,Bronze
15024,1661.33,Bronze
15332,1661.06,Bronze
14045,1659.75,Bronze
13577,1658.3,Bronze
15549,1655.76,Bronze
16711,1651.03,Bronze
15826,1649.3600000000001,Bronze
17451,1648.95,Bronze
13184,1648.79,Bronze
13750,1647.26,Bronze
13162,1644.99,Bronze
15002,1641.76,Bronze
17284,1641.68,Bronze
15827,1641.48,Bronze
14837,1641.2,Bronze
12398,1635.6599999999999,Bronze
15953,1634.53,Bronze
14164,1631.77,Bronze
16398,1631.15,Bronze
12377,1628.1200000000001,Bronze
16515,1627.13,Bronze
14759,1625.97,Bronze
16987,1625.05,Bronze
13425,1624.21,Bronze
15172,1624.05,Bronze
13627,1624.02,Bronze
12530,1623.63,Bronze
17673,1622.22,Bronze
17101,1621.73,Bronze
14178,1620.93,Bronze
14937,1617.63,Bronze
14336,1614.91,Bronze
18161,1612.79,Bronze
15122,1612.13,Bronze
14312,1611.5900000000001,Bronze
13614,1610.46,Bronze
14918,1610.15,Bronze
12669,1607.73,Bronze
12868,1607.0600000000002,Bronze
15791,1604.44,Bronze
12783,1603.87,Bronze
14573,1603.72,Bronze
16466,1603.46,Bronze
16992,1601.8600000000001,Bronze
17828,1599.97,Bronze
14587,1598.24,Bronze
14719,1592.18,Bronze
14970,1592.06,Bronze
13850,1586.81,Bronze
16332,1583.2,Bronze
12393,1582.6000000000001,Bronze
16889,1578.67,Bronze
13634,1575.16,Bronze
18178,1573.41,Bronze
15611,1568.39,Bronze
15111,1567.48,Bronze
16496,1562.22,Bronze
13814,1562.12,Bronze
18239,1561.6100000000001,Bronze
17837,1560.53,Bronze
16676,1558.72,Bronze
13313,1555.3200000000002,Bronze
17085,1555.05,Bronze
14038,1554.48,Bronze
16369,1553.66,Bronze
15660,1552.01,Bronze
13659,1550.85,Bronze
15117,1550.13,Bronze
12865,1548.07,Bronze
14704,1546.91,Bronze
12352,1545.41,Bronze
14441,1545.14,Bronze
14442,1544.6200000000001,Bronze
15701,1542.14,Bronze
16365,1540.42,Bronze
13186,1539.69,Bronze
13397,1539.18,Bronze
13849,1537.95,Bronze
12877,1535.77,Bronze
17159,1534.73,Bronze
16283,1531.51,Bronze
12759,1531.44,Bronze
14321,1530.75,Bronze
14567,1524.46,Bronze
15620,1524.4,Bronze
13107,1524.07,Bronze
16244,1522.75,Bronze
16434,1522.25,Bronze
16066,1521.87,Bronze
15906,1521.79,Bronze
13764,1521.76,Bronze
16790,1520.1200000000001,Bronze
16880,1519.08,Bronze
13213,1518.43,Bronze
12818,1517.88,Bronze
15532,1517.08,Bronze
16748,1515.9,Bronze
15392,1515.73,Bronze
16053,1511.95,Bronze
17997,1511.3,Bronze
16910,1510.06,Bronze
15265,1506.1200000000001,Bronze
15625,1504.56,Bronze
12937,1504.27,Bronze
17152,1503.5,Bronze
15530,1502.3500000000001,Bronze
16762,1501.38,Bronze
17571,1498.51,Bronze
16279,1496.68,Bronze
13320,1491.7,Bronze
15916,1491.24,Bronze
15057,1489.5,Bronze
14963,1487.8,Bronze
17002,1487.78,Bronze
17553,1487.6,Bronze
16395,1486.9,Bronze
14878,1485.54,Bronze
14414,1485.1299999999999,Bronze
16755,1484.63,Bronze
14758,1484.06,Bronze
18016,1483.56,Bronze
16016,1483.31,Bronze
15427,1483.14,Bronze
17590,1479.22,Bronze
15983,1475.02,Bronze
14246,1474.06,Bronze
16348,1469.45,Bronze
12826,1468.1200000000001,Bronze
13692,1466.8700000000001,Bronze
15473,1465.2,Bronze
12882,1463.04,Bronze
14541,1461.65,Bronze
16359,1460.3700000000001,Bronze
16059,1459.8600000000001,Bronze
13309,1456.79,Bronze
13110,1452.8700000000001,Bronze
15987,1451.28,Bronze
14229,1450.6,Bronze
14875,1448.72,Bronze
14233,1447.51,Bronze
14591,1447.14,Bronze
16817,1446.95,Bronze
17073,1446.09,Bronze
13461,1445.0,Bronze
13477,1441.53,Bronze
15478,1441.42,Bronze
15858,1438.85,Bronze
14404,1434.72,Bronze
13717,1432.26,Bronze
14566,1432.0,Bronze
13475,1431.78,Bronze
17175,1430.94,Bronze
15426,1429.9,Bronze
16103,1429.64,Bronze
14035,1428.02,Bronze
16996,1427.46,Bronze
14403,1426.31,Bronze
16271,1423.29,Bronze
14740,1423.21,Bronze
17063,1421.59,Bronze
16503,1421.43,Bronze
17288,1419.73,Bronze
15128,1419.54,Bronze
15444,1418.26,Bronze
18116,1418.03,Bronze
14649,1417.29,Bronze
16012,1415.29,Bronze
14901,1414.99,Bronze
17004,1412.94,Bronze
15237,1412.32,Bronze
16394,1412.06,Bronze
15106,1407.73,Bronze
12947,1407.29,Bronze
16173,1406.57,Bronze
17083,1405.78,Bronze
14443,1400.88,Bronze
14741,1400.3400000000001,Bronze
14019,1398.96,Bronze
18202,1396.99,Bronze
17856,1393.79,Bronze
17354,1393.06,Bronze
15051,1391.61,Bronze
13414,1390.5,Bronze
13516,1389.41,Bronze
16539,1388.81,Bronze
15453,1388.37,Bronze
15134,1387.99,Bronze
17311,1384.85,Bronze
15898,1384.68,Bronze
13572,1384.25,Bronze
16463,1383.7,Bronze
13995,1383.49,Bronze
17676,1383.27,Bronze
12952,1382.84,Bronze
14116,1382.74,Bronze
16726,1382.02,Bronze
13159,1379.75,Bronze
14113,1377.92,Bronze
15569,1375.71,Bronze
14434,1372.8,Bronze
16669,1370.87,Bronze
14507,1368.18,Bronze
13308,1367.6100000000001,Bronze
14897,1366.38,Bronze
15095,1364.7,Bronze
16389,1362.27,Bronze
13232,1357.6,Bronze
18167,1355.51,Bronze
17054,1353.83,Bronze
13813,1353.41,Bronze
17204,1352.91,Bronze
15116,1352.75,Bronze
16245,1352.36,Bronze
14859,1352.04,Bronze
16079,1352.0,Bronze
12770,1351.45,Bronze
12775,1351.24,Bronze
12886,1351.09,Bronze
17368,1349.52,Bronze
12646,1346.97,Bronze
15411,1346.38,Bronze
14154,1345.62,Bronze
15596,1343.34,Bronze
17372,1342.68,Bronze
16317,1341.65,Bronze
16045,1340.7,Bronze
13743,1340.15,Bronze
15398,1339.63,Bronze
15734,1339.45,Bronze
12620,1339.41,Bronze
16110,1337.48,Bronze
17621,1336.1000000000001,Bronze
15680,1333.68,Bronze
17932,1331.57,Bronze
12676,1331.39,Bronze
15365,1330.45,Bronze
16493,1329.66,Bronze
16295,1328.55,Bronze
15059,1325.82,Bronze
13396,1325.29,Bronze
16370,1320.56,Bronze
15563,1319.69,Bronze
16083,1317.62,Bronze
12526,1316.66,Bronze
14921,1316.07,Bronze
14102,1314.73,Bronze
16464,1314.68,Bronze
14973,1314.45,Bronze
18177,1314.17,Bronze
15146,1313.66,Bronze
16040,1313.55,Bronze
12364,1313.1,Bronze
12516,1312.06,Bronze
14748,1311.79,Bronze
13012,1311.6200000000001,Bronze
14856,1311.38,Bronze
13501,1310.47,Bronze
13168,1310.14,Bronze
13328,1308.48,Bronze
14477,1307.81,Bronze
14071,1307.41,Bronze
12576,1306.98,Bronze
16744,1304.76,Bronze
17919,1304.04,Bronze
15813,1303.9099999999999,Bronze
12463,1303.63,Bronze
12919,1301.44,Bronze
15494,1299.23,Bronze
12488,1298.66,Bronze
12372,1298.04,Bronze
17961,1296.44,Bronze
16929,1295.39,Bronze
16224,1295.3,Bronze
16120,1294.14,Bronze
15108,1291.75,Bronze
14047,1290.01,Bronze
14738,1289.94,Bronze
12854,1289.15,Bronze
16571,1285.22,Bronze
17671,1284.08,Bronze
14297,1284.06,Bronze
15136,1282.45,Bronze
16899,1281.56,Bronze
13878,1281.53,Bronze
13538,1280.85,Bronze
14267,1279.09,Bronze
16692,1276.0,Bronze
17019,1272.61,Bronze
12394,1272.48,Bronze
14794,1272.1100000000001,Bronze
12630,1270.88,Bronze
14669,1269.99,Bronze
13492,1269.84,Bronze
13431,1269.1,Bronze
15199,1268.7,Bronze
14511,1267.41,Bronze
17158,1266.97,Bronze
13989,1266.08,Bronze
14916,1264.84,Bronze
16951,1262.75,Bronze
15009,1261.78,Bronze
16688,1260.8600000000001,Bronze
16842,1260.44,Bronze
14105,1260.33,Bronze
15497,1259.7,Bronze
17388,1259.56,Bronze
14665,1258.38,Bronze
12507,1258.06,Bronze
17412,1258.06,Bronze
17350,1256.19,Bronze
13848,1255.0,Bronze
17262,1253.3600000000001,Bronze
17037,1253.22,Bronze
17802,1251.84,Bronze
14698,1250.76,Bronze
13151,1250.3700000000001,Bronze
17481,1249.34,Bronze
14383,1247.69,Bronze
12689,1247.6100000000001,Bronze
13029,1247.5,Bronze
15004,1246.32,Bronze
16101,1245.96,Bronze
16531,1244.59,Bronze
17633,1242.34,Bronze
17588,1240.2,Bronze
13860,1240.0,Bronze
14893,1237.8500000000001,Bronze
14684,1236.28,Bronze
15376,1233.3600000000001,Bronze
15910,1232.18,Bronze
18080,1231.5,Bronze
13931,1230.93,Bronze
14428,1230.14,Bronze
14898,1228.32,Bronze
14913,1227.43,Bronze
17584,1227.3,Bronze
12412,1226.88,Bronze
15227,1219.4,Bronze
13491,1215.82,Bronze
12985,1215.6200000000001,Bronze
17774,1215.46,Bronze
17410,1214.72,Bronze
13918,1212.8400000000001,Bronze
12464,1212.05,Bronze
18263,1211.08,Bronze
15841,1209.1,Bronze
18171,1208.51,Bronze
13208,1205.9,Bronze
13055,1201.96,Bronze
16794,1201.51,Bronze
16800,1201.49,Bronze
13158,1201.06,Bronze
17320,1200.6200000000001,Bronze
17800,1199.01,Bronze
15605,1198.23,Bronze
12997,1197.94,Bronze
13211,1197.42,Bronze
17720,1195.94,Bronze
12967,1194.75,Bronze
15145,1194.73,Bronze
12611,1193.32,Bronze
14064,1188.32,Bronze
16612,1187.66,Bronze
13752,1186.28,Bronze
14487,1183.58,Bronze
15630,1180.4,Bronze
17058,1179.89,Bronze
16950,1178.56,Bronze
17653,1175.88,Bronze
12640,1174.58,Bronze
15306,1174.3500000000001,Bronze
16639,1169.38,Bronze
12358,1168.06,Bronze
14745,1167.16,Bronze
16653,1166.92,Bronze
14857,1165.65,Bronze
14737,1164.55,Bronze
14261,1163.45,Bronze
14447,1163.23,Bronze
16949,1161.27,Bronze
17348,1159.52,Bronze
15621,1158.77,Bronze
14723,1158.3,Bronze
12885,1158.27,Bronze
13611,1158.2,Bronze
13744,1156.36,Bronze
16184,1155.54,Bronze
16062,1153.62,Bronze
12657,1152.06,Bronze
16042,1147.37,Bronze
13499,1146.96,Bronze
17505,1145.8400000000001,Bronze
16766,1145.6,Bronze
15810,1145.43,Bronze
12769,1143.6,Bronze
17770,1143.27,Bronze
12546,1141.5,Bronze
18125,1141.34,Bronze
16270,1141.24,Bronze
13330,1140.93,Bronze
13819,1140.35,Bronze
15088,1140.27,Bronze
16172,1140.21,Bronze
17135,1139.73,Bronze
12494,1139.3500000000001,Bronze
17500,1138.0,Bronze
13500,1136.77,Bronze
17242,1135.04,Bronze
18168,1133.6399999999999,Bronze
16989,1133.25,Bronze
17585,1133.07,Bronze
13772,1132.13,Bronze
15500,1131.56,Bronze
13882,1131.28,Bronze
12710,1130.57,Bronze
14824,1127.71,Bronze
12609,1126.85,Bronze
17470,1125.07,Bronze
13118,1125.0,Bronze
16637,1124.59,Bronze
12462,1124.01,Bronze
14129,1123.8600000000001,Bronze
15436,1122.53,Bronze
13486,1122.41,Bronze
16807,1121.59,Bronze
15737,1121.21,Bronze
17302,1119.93,Bronze
17894,1119.81,Bronze
13064,1119.49,Bronze
16086,1119.31,Bronze
12842,1118.99,Bronze
15716,1118.81,Bronze
17788,1117.9,Bronze
13591,1117.13,Bronze
14971,1116.57,Bronze
13610,1115.43,Bronze
16049,1111.79,Bronze
14161,1110.52,Bronze
14817,1110.34,Bronze
15069,1109.53,Bronze
12399,1108.65,Bronze
15730,1108.38,Bronze
15933,1107.46,Bronze
17562,1107.38,Bronze
16833,1106.53,Bronze
12857,1106.4,Bronze
13447,1104.23,Bronze
17609,1103.92,Bronze
17047,1100.9,Bronze
16350,1100.47,Bronze
15978,1098.78,Bronze
13104,1098.48,Bronze
17966,1098.43,Bronze
14708,1096.67,Bronze
16225,1096.32,Bronze
13652,1095.08,Bronze
15608,1093.68,Bronze
13521,1093.65,Bronze
13476,1092.77,Bronze
15489,1090.03,Bronze
12534,1089.18,Bronze
14744,1088.53,Bronze
17095,1088.2,Bronze
18189,1084.34,Bronze
13467,1083.71,Bronze
13310,1083.63,Bronze
15602,1083.63,Bronze
14561,1080.76,Bronze
16200,1080.6200000000001,Bronze
13726,1079.66,Bronze
12354,1079.4,Bronze
16980,1078.96,Bronze
14352,1078.96,Bronze
16563,1077.74,Bronze
15712,1072.3600000000001,Bronze
15745,1071.24,Bronze
13635,1071.03,Bronze
17522,1070.71,Bronze
13761,1070.65,Bronze
14212,1070.48,Bronze
14948,1066.57,Bronze
17041,1065.77,Bronze
17277,1065.3500000000001,Bronze
17287,1064.11,Bronze
12815,1063.46,Bronze
14411,1063.0,Bronze
16214,1062.75,Bronze
12679,1058.67,Bronze
14465,1058.6200000000001,Bronze
14419,1058.06,Bronze
13853,1056.94,Bronze
15238,1056.54,Bronze
15407,1056.44,Bronze
14514,1055.35,Bronze
15977,1054.73,Bronze
16728,1054.67,Bronze
13715,1053.94,Bronze
12716,1053.49,Bronze
14583,1052.55,Bronze
15027,1051.95,Bronze
12849,1050.89,Bronze
14224,1050.1200000000001,Bronze
14078,1049.37,Bronze
15464,1048.85,Bronze
15763,1048.67,Bronze
13282,1047.84,Bronze
13791,1047.68,Bronze
14488,1047.43,Bronze
14293,1046.56,Bronze
18130,1045.74,Bronze
15996,1044.78,Bronze
17042,1044.38,Bronze
15192,1044.32,Bronze
16918,1043.34,Bronze
12497,1043.1,Bronze
17727,1042.55,Bronze
15801,1042.19,Bronze
12951,1042.07,Bronze
16094,1041.83,Bronze
13719,1041.68,Bronze
14446,1039.58,Bronze
13131,1039.3,Bronze
16320,1038.46,Bronze
16175,1037.5900000000001,Bronze
15985,1037.42,Bronze
16520,1036.6200000000001,Bronze
12691,1035.8,Bronze
16260,1035.45,Bronze
15171,1034.5,Bronze
13639,1033.34,Bronze
18221,1033.31,Bronze
12599,1032.58,Bronze
12724,1031.41,Bronze
13253,1030.4,Bronze
17033,1030.14,Bronze
14584,1029.26,Bronze
15333,1028.56,Bronze
16682,1028.0,Bronze
16416,1026.99,Bronze
16533,1026.94,Bronze
13956,1026.42,Bronze
14904,1025.44,Bronze
15777,1021.61,Bronze
14346,1021.58,Bronze
13165,1021.48,Bronze
15839,1020.74,Bronze
13376,1019.76,Bronze
14276,1019.39,Bronze
12828,1018.71,Bronze
14083,1018.43,Bronze
12514,1017.6800000000001,Bronze
13728,1016.14,Bronze
13867,1015.29,Bronze
18142,1014.9,Bronze
12642,1013.26,Bronze
12739,1013.04,Bronze
17197,1013.01,Bronze
12936,1012.9,Bronze
14775,1011.9,Bronze
16229,1010.6,Bronze
16174,1009.55,Bronze
16160,1009.4499999999999,Bronze
13455,1007.35,Bronze
14631,1006.98,Bronze
13429,1006.8,Bronze
15329,1005.5,Bronze
12572,1004.72,Bronze
15104,1002.54,Bronze
12446,1002.3100000000001,Bronze
15706,1001.8100000000001,Bronze
12545,1000.39,Bronze
15508,1000.27,Bronze
14214,1000.23,Bronze
18143,1000.16,Bronze
14389,999.72,Bronze
16572,999.7,Bronze
15434,997.48,Bronze
13032,996.52,Bronze
14540,996.26,Bronze
17646,995.66,Bronze
17724,995.6500000000001,Bronze
17594,993.1800000000001,Bronze
16009,992.71,Bronze
17096,992.68,Bronze
13363,992.5,Bronze
17126,991.85,Bronze
17951,990.8400000000001,Bronze
17324,990.23,Bronze
13410,988.91,Bronze
15062,987.86,Bronze
18237,987.1,Bronze
13117,984.91,Bronze
17144,984.57,Bronze
17214,984.12,Bronze
16232,983.23,Bronze
12510,982.5699999999999,Bronze
15133,982.42,Bronze
14138,982.38,Bronze
15071,982.07,Bronze
16188,981.86,Bronze
16907,981.65,Bronze
16085,981.51,Bronze
12541,981.18,Bronze
12717,980.98,Bronze
18170,980.3100000000001,Bronze
13509,979.72,Bronze
15506,979.26,Bronze
15132,977.9300000000001,Bronze
14920,977.77,Bronze
16376,977.52,Bronze
15860,977.21,Bronze
14223,975.23,Bronze
14522,974.54,Bronze
15747,974.04,Bronze
13155,971.76,Bronze
17100,971.74,Bronze
17618,971.58,Bronze
15449,971.22,Bronze
15110,970.25,Bronze
15907,967.45,Bronze
17405,967.22,Bronze
12550,964.83,Bronze
14931,964.6800000000001,Bronze
14195,962.7,Bronze
13138,962.39,Bronze
14006,962.19,Bronze
15156,961.49,Bronze
16419,959.48,Bronze
15658,958.9000000000001,Bronze
18192,957.97,Bronze
13823,957.66,Bronze
15948,955.24,Bronze
17244,954.9,Bronze
15835,954.09,Bronze
16934,950.9300000000001,Bronze
15421,950.36,Bronze
16511,950.26,Bronze
15793,948.96,Bronze
13748,948.25,Bronze
15787,948.05,Bronze
12458,947.4,Bronze
15681,946.36,Bronze
15707,945.58,Bronze
13261,944.1,Bronze
12820,942.34,Bronze
14075,942.26,Bronze
13636,941.62,Bronze
15576,940.67,Bronze
17227,939.32,Bronze
14629,939.21,Bronze
12697,939.02,Bronze
17097,937.92,Bronze
17289,936.16,Bronze
13026,936.15,Bronze
15289,935.1,Bronze
14256,935.0600000000001,Bronze
16657,933.62,Bronze
13655,932.97,Bronze
14532,932.85,Bronze
12924,929.95,Bronze
15201,927.84,Bronze
13805,924.5999999999999,Bronze
15654,922.53,Bronze
13122,922.39,Bronze
16551,922.12,Bronze
13934,922.1,Bronze
15312,921.1,Bronze
17018,920.1,Bronze
14140,920.05,Bronze
13075,919.61,Bronze
12822,918.98,Bronze
14015,917.34,Bronze
14712,917.07,Bronze
17236,916.13,Bronze
13549,916.12,Bronze
15253,915.3,Bronze
16216,914.9300000000001,Bronze
12652,914.5300000000001,Bronze
15587,913.68,Bronze
15364,913.19,Bronze
16809,912.74,Bronze
13782,912.0,Bronze
13192,911.94,Bronze
16714,911.53,Bronze
14289,911.26,Bronze
18096,911.15,Bronze
13350,910.72,Bronze
13689,910.0,Bronze
17552,909.96,Bronze
15511,909.23,Bronze
17323,908.99,Bronze
13038,908.46,Bronze
16584,908.03,Bronze
14449,907.1,Bronze
15480,905.5,Bronze
15022,905.04,Bronze
14081,904.67,Bronze
12722,904.33,Bronze
15807,903.9,Bronze
12994,902.22,Bronze
17566,901.21,Bronze
17848,901.2,Bronze
17886,899.61,Bronze
13810,899.51,Bronze
17537,897.62,Bronze
17044,897.4300000000001,Bronze
16361,896.66,Bronze
18194,896.0,Bronze
15865,895.13,Bronze
15211,894.4100000000001,Bronze
15079,893.66,Bronze
12772,892.47,Bronze
13515,891.12,Bronze
15255,890.85,Bronze
14240,890.34,Bronze
14344,889.9300000000001,Bronze
17829,889.24,Bronze
17527,888.86,Bronze
16347,887.65,Bronze
13035,886.63,Bronze
15822,885.47,Bronze
17704,885.19,Bronze
15799,884.14,Bronze
14597,883.15,Bronze
14359,882.58,Bronze
18236,882.24,Bronze
13037,881.07,Bronze
15076,880.85,Bronze
13662,879.08,Bronze
14141,879.0300000000001,Bronze
17731,878.2,Bronze
15653,877.44,Bronze
17007,877.4300000000001,Bronze
14770,876.4200000000001,Bronze
12940,876.29,Bronze
13566,874.71,Bronze
16513,874.59,Bronze
13294,873.74,Bronze
12847,871.54,Bronze
13200,870.09,Bronze
13979,869.87,Bronze
17109,869.6800000000001,Bronze
12694,869.67,Bronze
13203,869.46,Bronze
14623,869.35,Bronze
16801,867.8299999999999,Bronze
15208,867.62,Bronze
14715,867.38,Bronze
16121,867.11,Bronze
14332,866.3100000000001,Bronze
16567,865.6,Bronze
16221,864.86,Bronze
17048,864.32,Bronze
12680,862.81,Bronze
16266,861.89,Bronze
17649,861.74,Bronze
12794,860.41,Bronze
13339,860.12,Bronze
14577,859.71,Bronze
17064,859.35,Bronze
14553,859.27,Bronze
16235,858.41,Bronze
16037,855.02,Bronze
17560,854.95,Bronze
16877,853.72,Bronze
14193,853.39,Bronze
16070,852.15,Bronze
16027,852.12,Bronze
16020,851.01,Bronze
13991,850.63,Bronze
12379,850.29,Bronze
17027,848.59,Bronze
12713,848.55,Bronze
14625,848.48,Bronze
13846,847.61,Bronze
13221,847.41,Bronze
16222,846.72,Bronze
15965,845.64,Bronze
14803,845.5500000000001,Bronze
17624,843.48,Bronze
15164,843.05,Bronze
12878,841.64,Bronze
14912,841.52,Bronze
14862,841.2,Bronze
17076,841.0799999999999,Bronze
13940,839.14,Bronze
14657,838.27,Bronze
15832,836.79,Bronze
12728,836.33,Bronze
17759,834.99,Bronze
13835,834.57,Bronze
17929,834.5,Bronze
16644,833.78,Bronze
15862,832.88,Bronze
12693,830.96,Bronze
13681,827.83,Bronze
16747,826.96,Bronze
12461,826.88,Bronze
16494,826.53,Bronze
17921,826.52,Bronze
16284,823.97,Bronze
14231,822.0600000000001,Bronze
13893,821.1,Bronze
13220,819.2900000000001,Bronze
17764,818.82,Bronze
17169,816.88,Bronze
16943,816.73,Bronze
16560,816.51,Bronze
16108,816.1,Bronze
15649,816.0,Bronze
15399,815.77,Bronze
14499,815.32,Bronze
13280,814.86,Bronze
16460,814.72,Bronze
18064,814.0,Bronze
17075,813.77,Bronze
16600,813.52,Bronze
16621,813.48,Bronze
14421,813.11,Bronze
15644,813.0,Bronze
17980,811.45,Bronze
15525,811.02,Bronze
16276,810.6,Bronze
16624,810.57,Bronze
13637,810.5,Bronze
16660,810.45,Bronze
16891,809.7,Bronze
17115,806.9,Bronze
15952,806.57,Bronze
13707,806.41,Bronze
12421,806.27,Bronze
16869,805.62,Bronze
16367,804.49,Bronze
12778,804.23,Bronze
12422,803.5600000000001,Bronze
13929,802.85,Bronze
16164,802.53,Bronze
18265,801.51,Bronze
16806,801.49,Bronze
17905,800.24,Bronze
13720,799.9,Bronze
14475,799.82,Bronze
13030,799.48,Bronze
17703,798.74,Bronze
16438,798.35,Bronze
13389,797.96,Bronze
12701,797.71,Bronze
13336,795.12,Bronze
15990,792.11,Bronze
13167,791.33,Bronze
13016,789.89,Bronze
13323,787.85,Bronze
15806,784.58,Bronze
15743,784.46,Bronze
17387,784.11,Bronze
16054,783.9,Bronze
18248,783.02,Bronze
17006,781.78,Bronze
17341,781.36,Bronze
13884,781.3000000000001,Bronze
15679,781.28,Bronze
13583,781.03,Bronze
13212,780.58,Bronze
14644,780.46,Bronze
17797,780.43,Bronze
17180,780.38,Bronze
12735,779.5699999999999,Bronze
16092,779.36,Bronze
14815,778.5,Bronze
17414,778.0,Bronze
16505,777.6,Bronze
13563,777.53,Bronze
12425,777.2,Bronze
15353,777.02,Bronze
13341,775.85,Bronze
14234,775.46,Bronze
16825,775.18,Bronze
16725,775.07,Bronze
15414,774.9000000000001,Bronze
16043,773.99,Bronze
15075,773.03,Bronze
13375,772.9,Bronze
16759,772.84,Bronze
12965,771.91,Bronze
17409,771.85,Bronze
14662,771.17,Bronze
12628,769.61,Bronze
16480,769.29,Bronze
18228,769.2,Bronze
13356,768.24,Bronze
17516,768.08,Bronze
13109,766.84,Bronze
14976,765.86,Bronze
14550,765.62,Bronze
14672,765.5500000000001,Bronze
17695,765.34,Bronze
14885,765.3199999999999,Bronze
12434,765.19,Bronze
15239,764.34,Bronze
17268,763.64,Bronze
17466,763.28,Bronze
18136,761.83,Bronze
15599,761.74,Bronze
16205,761.38,Bronze
14412,761.33,Bronze
15066,760.59,Bronze
17425,759.1700000000001,Bronze
16036,758.9200000000001,Bronze
15568,758.29,Bronze
17461,757.46,Bronze
16470,757.44,Bronze
14883,756.64,Bronze
18104,754.64,Bronze
13730,752.6,Bronze
17146,749.78,Bronze
14923,749.1,Bronze
17411,748.94,Bronze
15074,748.87,Bronze
15656,748.5,Bronze
15831,747.76,Bronze
17114,747.22,Bronze
15618,747.031,Bronze
15533,746.92,Bronze
16261,746.83,Bronze
14050,746.36,Bronze
14790,745.06,Bronze
16770,744.9,Bronze
13354,743.53,Bronze
12374,742.9300000000001,Bronze
13753,741.26,Bronze
13900,740.95,Bronze
17974,740.79,Bronze
15252,740.78,Bronze
13329,740.4,Bronze
16924,739.5,Bronze
12603,739.1999999999999,Bronze
14756,738.96,Bronze
12976,738.6,Bronze
17979,737.81,Bronze
18156,734.94,Bronze
17034,734.57,Bronze
16146,734.13,Bronze
12465,733.89,Bronze
17692,733.44,Bronze
16256,732.63,Bronze
17812,732.16,Bronze
13575,732.07,Bronze
16099,731.9,Bronze
16491,731.5,Bronze
14778,730.86,Bronze
18035,730.4,Bronze
13077,729.27,Bronze
13950,728.5600000000001,Bronze
17666,728.16,Bronze
13236,727.27,Bronze
14055,725.6400000000001,Bronze
12723,725.07,Bronze
15636,724.76,Bronze
12468,724.04,Bronze
13736,724.0,Bronze
12475,723.38,Bronze
15561,722.74,Bronze
15584,722.61,Bronze
17521,721.96,Bronze
14869,721.95,Bronze
15272,721.94,Bronze
13370,721.32,Bronze
18062,720.52,Bronze
16023,719.81,Bronze
14179,719.78,Bronze
14725,718.08,Bronze
17884,717.45,Bronze
15274,716.57,Bronze
12535,716.35,Bronze
17029,716.0,Bronze
18133,715.5,Bronze
15330,714.9599999999999,Bronze
15757,714.42,Bronze
13169,712.88,Bronze
13147,712.8,Bronze
17761,712.78,Bronze
13416,712.5,Bronze
17642,712.29,Bronze
15855,712.24,Bronze
13705,711.86,Bronze
17179,711.79,Bronze
13249,711.41,Bronze
17472,710.29,Bronze
14127,709.71,Bronze
16136,709.38,Bronze
12427,708.37,Bronze
12781,707.72,Bronze
12453,707.09,Bronze
16364,707.04,Bronze
17526,706.7,Bronze
14880,706.19,Bronze
16882,705.12,Bronze
17934,704.25,Bronze
16140,703.77,Bronze
12883,703.47,Bronze
18082,703.37,Bronze
15103,703.36,Bronze
16730,702.79,Bronze
15574,702.25,Bronze
16997,702.0,Bronze
14867,701.33,Bronze
17321,700.86,Bronze
17734,700.63,Bronze
15800,699.08,Bronze
13258,698.5799999999999,Bronze
17796,697.9,Bronze
15053,697.79,Bronze
13596,697.04,Bronze
17397,696.41,Bronze
12413,694.15,Bronze
12925,694.05,Bronze
13601,693.32,Bronze
17198,692.22,Bronze
17733,692.19,Bronze
13838,691.73,Bronze
16015,690.54,Bronze
18085,689.95,Bronze
13023,689.9,Bronze
18196,689.13,Bronze
17502,689.1,Bronze
13799,688.86,Bronze
14111,688.6,Bronze
14201,688.04,Bronze
16309,686.6700000000001,Bronze
12658,686.05,Bronze
14009,685.9300000000001,Bronze
14959,684.97,Bronze
16122,684.42,Bronze
16495,684.41,Bronze
12942,683.9,Bronze
14222,683.17,Bronze
12838,683.13,Bronze
15582,682.9100000000001,Bronze
13548,682.41,Bronze
18135,681.91,Bronze
16212,681.19,Bronze
12410,681.08,Bronze
12478,680.99,Bronze
13238,680.83,Bronze
15304,680.3,Bronze
15181,680.28,Bronze
13524,680.1800000000001,Bronze
16872,680.02,Bronze
16642,679.83,Bronze
14788,679.44,Bronze
13607,678.01,Bronze
15669,677.69,Bronze
13040,676.99,Bronze
16377,676.2,Bronze
15626,675.8,Bronze
13325,675.3,Bronze
16418,675.27,Bronze
13355,674.7,Bronze
16449,674.69,Bronze
13464,674.68,Bronze
17749,674.52,Bronze
13951,674.45,Bronze
14504,673.26,Bronze
18121,673.1,Bronze
13623,672.44,Bronze
14628,671.96,Bronze
17883,671.77,Bronze
12638,671.69,Bronze
15951,669.57,Bronze
17299,669.11,Bronze
14643,668.61,Bronze
12418,668.58,Bronze
16383,668.36,Bronze
15031,668.14,Bronze
18022,668.11,Bronze
16268,667.65,Bronze
14356,666.9399999999999,Bronze
15400,666.7,Bronze
13741,666.33,Bronze
17777,665.86,Bronze
17105,665.78,Bronze
15038,665.59,Bronze
16056,664.85,Bronze
13963,664.54,Bronze
16208,664.26,Bronze
15700,664.03,Bronze
14720,663.81,Bronze
13240,663.65,Bronze
17423,663.63,Bronze
14198,663.5,Bronze
17462,662.94,Bronze
14451,662.59,Bronze
14603,660.0,Bronze
13028,659.68,Bronze
15492,659.46,Bronze
13518,659.44,Bronze
13759,659.4100000000001,Bronze
16357,658.88,Bronze
14150,658.64,Bronze
17874,658.26,Bronze
16696,657.9,Bronze
14818,657.8,Bronze
17459,657.3,Bronze
12616,657.25,Bronze
15677,657.23,Bronze
13049,656.6800000000001,Bronze
16708,656.63,Bronze
15197,656.44,Bronze
16127,656.25,Bronze
14894,655.75,Bronze
16774,654.92,Bronze
14651,654.6,Bronze
17398,653.38,Bronze
18151,653.35,Bronze
16014,653.13,Bronze
14044,652.82,Bronze
14548,652.8,Bronze
17523,652.74,Bronze
16362,652.07,Bronze
16734,650.51,Bronze
15571,650.4300000000001,Bronze
16469,650.43,Bronze
16969,650.41,Bronze
15098,649.5,Bronze
15205,648.8299999999999,Bronze
13430,648.6899999999999,Bronze
16573,648.41,Bronze
13564,647.74,Bronze
15643,647.4,Bronze
17373,646.92,Bronze
12589,646.68,Bronze
15651,646.3,Bronze
17545,645.96,Bronze
14855,645.65,Bronze
14829,644.65,Bronze
17312,644.3,Bronze
16157,644.24,Bronze
14126,643.6300000000001,Bronze
12612,643.59,Bronze
16431,642.81,Bronze
14020,642.8,Bronze
13034,642.77,Bronze
17779,642.17,Bronze
17046,642.02,Bronze
16554,641.55,Bronze
12624,641.13,Bronze
13417,640.83,Bronze
13318,640.76,Bronze
12631,640.5,Bronze
15919,639.89,Bronze
17515,639.02,Bronze
16444,638.77,Bronze
18160,638.0600000000001,Bronze
14754,638.05,Bronze
14664,637.89,Bronze
14128,637.5,Bronze
14481,636.51,Bronze
15829,636.14,Bronze
15384,635.76,Bronze
15773,635.6800000000001,Bronze
16139,635.4100000000001,Bronze
15100,635.1,Bronze
15297,635.0400000000001,Bronze
17985,634.95,Bronze
14000,633.71,Bronze
15045,633.66,Bronze
13892,632.97,Bronze
14220,632.4000000000001,Bronze
14301,632.04,Bronze
13822,632.0,Bronze
14021,631.9,Bronze
15244,631.57,Bronze
17990,630.84,Bronze
17994,629.6899999999999,Bronze
13046,629.31,Bronze
13525,628.78,Bronze
14687,628.38,Bronze
16022,628.28,Bronze
13388,627.15,Bronze
15028,627.13,Bronze
13546,626.99,Bronze
15402,626.77,Bronze
14036,626.65,Bronze
18218,626.38,Bronze
14382,626.07,Bronze
16750,623.93,Bronze
16718,623.75,Bronze
13368,623.4,Bronze
15258,623.16,Bronze
17499,622.88,Bronze
15182,622.85,Bronze
17867,622.75,Bronze
18217,621.75,Bronze
16915,621.6800000000001,Bronze
17640,621.66,Bronze
13402,621.23,Bronze
16141,620.4,Bronze
12667,620.13,Bronze
14529,620.04,Bronze
13493,618.63,Bronze
16613,618.59,Bronze
12596,618.27,Bronze
13301,618.09,Bronze
14593,617.99,Bronze
13496,617.93,Bronze
14377,617.05,Bronze
16442,616.79,Bronze
13925,616.65,Bronze
16311,616.26,Bronze
15215,615.99,Bronze
16005,615.39,Bronze
13145,614.77,Bronze
16566,614.01,Bronze
13914,613.95,Bronze
15073,612.43,Bronze
18149,612.0799999999999,Bronze
15232,612.06,Bronze
15645,612.01,Bronze
16109,611.88,Bronze
14152,611.09,Bronze
13731,610.59,Bronze
12673,610.52,Bronze
15795,610.01,Bronze
13357,609.95,Bronze
14636,609.85,Bronze
15275,609.19,Bronze
13933,608.79,Bronze
15147,608.65,Bronze
12719,608.1,Bronze
14342,607.71,Bronze
15573,607.45,Bronze
12933,606.28,Bronze
14710,606.13,Bronze
13539,605.84,Bronze
17849,605.8000000000001,Bronze
13888,605.63,Bronze
17507,605.58,Bronze
13233,605.12,Bronze
13558,605.06,Bronze
14675,604.75,Bronze
17664,604.64,Bronze
12944,604.51,Bronze
16732,603.75,Bronze
12556,603.71,Bronze
12649,603.71,Bronze
16134,603.69,Bronze
12707,603.42,Bronze
17259,603.37,Bronze
15322,602.97,Bronze
15366,602.51,Bronze
16306,602.27,Bronze
17890,602.09,Bronze
12654,601.98,Bronze
14609,601.56,Bronze
18183,600.52,Bronze
12420,600.39,Bronze
18211,600.07,Bronze
13243,600.07,Bronze
12872,599.97,Bronze
15648,599.9,Bronze
14905,599.9,Bronze
12521,599.68,Bronze
14965,599.0,Bronze
17420,598.83,Bronze
14467,598.76,Bronze
15720,598.73,Bronze
13311,598.57,Bronze
16298,598.2,Bronze
13959,598.2,Bronze
17864,597.5,Bronze
16788,597.48,Bronze
14645,597.09,Bronze
15381,596.85,Bronze
18246,596.1,Bronze
12577,595.4,Bronze
16654,594.97,Bronze
16763,594.9,Bronze
14108,594.16,Bronze
12917,594.0,Bronze
15442,594.0,Bronze
16535,593.75,Bronze
17119,593.61,Bronze
16116,592.88,Bronze
13811,591.75,Bronze
13276,590.9300000000001,Bronze
14133,590.34,Bronze
13452,590.0,Bronze
13270,590.0,Bronze
14882,589.7,Bronze
18123,589.4399999999999,Bronze
16203,589.15,Bronze
16723,589.15,Bronze
15624,588.13,Bronze
17351,587.15,Bronze
12513,586.79,Bronze
17360,585.79,Bronze
15222,585.0,Bronze
16384,584.5,Bronze
16072,584.3199999999999,Bronze
14023,584.07,Bronze
13557,584.0600000000001,Bronze
15762,583.75,Bronze
16838,582.9,Bronze
15969,582.9,Bronze
12426,582.73,Bronze
13427,582.6,Bronze
17970,582.59,Bronze
18232,582.47,Bronze
12695,582.1,Bronze
14692,582.05,Bronze
15768,581.83,Bronze
18095,580.05,Bronze
16906,579.77,Bronze
17142,579.0,Bronze
13292,578.94,Bronze
13314,578.66,Bronze
14284,578.45,Bronze
14410,576.3,Bronze
16916,576.26,Bronze
15550,575.63,Bronze
16345,575.41,Bronze
13487,575.4,Bronze
14167,574.84,Bronze
12784,574.42,Bronze
14323,574.26,Bronze
15303,574.02,Bronze
14176,574.0,Bronze
15415,572.8100000000001,Bronze
13379,572.56,Bronze
13405,572.451,Bronze
12816,572.2,Bronze
17616,571.1999999999999,Bronze
15821,570.96,Bronze
14592,570.46,Bronze
17540,570.4,Bronze
16667,570.13,Bronze
12601,569.5600000000001,Bronze
13321,567.36,Bronze
18150,566.58,Bronze
12384,566.16,Bronze
17014,565.58,Bronze
14753,563.15,Bronze
17265,562.9,Bronze
12414,562.4100000000001,Bronze
13946,561.57,Bronze
13044,560.47,Bronze
14273,559.97,Bronze
16275,559.87,Bronze
14400,559.7,Bronze
18043,559.51,Bronze
12866,559.12,Bronze
17503,558.96,Bronze
13800,558.32,Bronze
13260,557.62,Bronze
15339,557.57,Bronze
17955,557.3,Bronze
17295,556.95,Bronze
13939,556.75,Bronze
16385,555.89,Bronze
13816,555.04,Bronze
14805,554.65,Bronze
14177,554.46,Bronze
14891,554.38,Bronze
14338,554.22,Bronze
15068,553.36,Bronze
12879,552.57,Bronze
12363,552.0,Bronze
15315,551.54,Bronze
17674,551.04,Bronze
17291,550.8000000000001,Bronze
17235,550.0600000000001,Bronze
12390,549.84,Bronze
16340,549.07,Bronze
16031,548.94,Bronze
15830,547.7,Bronze
16811,547.07,Bronze
17637,547.0600000000001,Bronze
17520,546.81,Bronze
12743,546.43,Bronze
17806,546.04,Bronze
12793,545.48,Bronze
12987,545.0,Bronze
16475,544.3,Bronze
13617,544.18,Bronze
13390,544.08,Bronze
16927,543.05,Bronze
16211,542.77,Bronze
13278,542.73,Bronze
16230,542.03,Bronze
17447,541.53,Bronze
17557,541.46,Bronze
17897,541.1,Bronze
14997,540.98,Bronze
13874,540.45,Bronze
16536,539.02,Bronze
13812,539.0,Bronze
14496,538.8100000000001,Bronze
15452,538.73,Bronze
14618,538.59,Bronze
15539,538.46,Bronze
16278,537.83,Bronze
17345,537.74,Bronze
14474,537.71,Bronze
14539,537.48,Bronze
16206,537.0600000000001,Bronze
15043,537.0,Bronze
16804,536.99,Bronze
12559,536.21,Bronze
13894,535.97,Bronze
16142,535.34,Bronze
12988,535.32,Bronze
13000,534.85,Bronze
13385,534.57,Bronze
17062,534.47,Bronze
17443,534.24,Bronze
13434,534.24,Bronze
15756,532.96,Bronze
15825,532.94,Bronze
16706,531.35,Bronze
14265,530.18,Bronze
18159,530.15,Bronze
16933,530.08,Bronze
14002,529.73,Bronze
14463,529.62,Bronze
16185,529.41,Bronze
17631,528.33,Bronze
17623,527.05,Bronze
18252,526.67,Bronze
17888,525.78,Bronze
17290,525.24,Bronze
15891,524.52,Bronze
13721,524.14,Bronze
17329,523.11,Bronze
18017,523.0,Bronze
17712,522.91,Bronze
14871,522.38,Bronze
15149,520.8000000000001,Bronze
14873,519.68,Bronze
12571,519.61,Bronze
13643,519.44,Bronze
16650,518.42,Bronze
15030,518.28,Bronze
16135,517.55,Bronze
17454,517.53,Bronze
18205,517.36,Bronze
12811,514.85,Bronze
15246,514.15,Bronze
17513,513.2,Bronze
17805,512.31,Bronze
17429,512.12,Bronze
14034,512.02,Bronze
15467,511.88,Bronze
12582,511.36,Bronze
14851,511.35,Bronze
15655,511.32,Bronze
16561,511.12,Bronze
16325,510.54,Bronze
12904,509.58,Bronze
12436,509.01,Bronze
17391,508.8,Bronze
15417,508.8,Bronze
14317,508.58,Bronze
17958,508.46000000000004,Bronze
17415,507.84,Bronze
14158,507.65999999999997,Bronze
14820,507.29,Bronze
15721,507.08000000000004,Bronze
16960,507.05,Bronze
13885,506.8,Bronze
17480,506.51,Bronze
16614,506.19,Bronze
14014,505.18,Bronze
15469,504.5,Bronze
12863,504.2,Bronze
12991,503.76,Bronze
17630,503.6,Bronze
15006,502.09,Bronze
13865,501.56,Bronze
13247,501.12,Bronze
16616,500.42,Bronze
15389,500.0,Bronze
14958,499.68,Bronze
14077,499.42,Bronze
15193,499.32,Bronze
14681,498.95,Bronze
15142,498.74,Bronze
17298,498.42,Bronze
16820,497.61,Bronze
17495,497.56,Bronze
16368,497.43,Bronze
16892,496.84000000000003,Bronze
15300,496.44,Bronze
17053,496.38,Bronze
17374,495.77,Bronze
15882,495.36,Bronze
16602,494.73,Bronze
15448,494.64,Bronze
16352,494.44,Bronze
17333,494.25,Bronze
12763,494.08,Bronze
16955,493.67,Bronze
13176,492.84,Bronze
14270,492.65000000000003,Bronze
15507,492.36,Bronze
16488,492.20000000000005,Bronze
13732,491.86,Bronze
14236,490.86,Bronze
15000,490.52,Bronze
14416,490.22,Bronze
18074,489.6,Bronze
17361,488.2,Bronze
13984,488.03,Bronze
14396,487.99,Bronze
15165,487.75,Bronze
16643,487.51,Bronze
15081,487.35,Bronze
13675,486.82000000000005,Bronze
17453,486.72,Bronze
13153,486.22,Bronze
12639,486.1,Bronze
17658,485.88,Bronze
15287,485.24,Bronze
13116,485.19,Bronze
16999,484.82,Bronze
16504,484.38,Bronze
12809,484.36,Bronze
14130,483.86,Bronze
13531,483.8,Bronze
12808,483.65000000000003,Bronze
17555,483.26,Bronze
14450,483.25,Bronze
16603,482.47,Bronze
16693,482.01,Bronze
18216,481.75,Bronze
16863,481.35,Bronze
16518,480.92,Bronze
16812,479.35,Bronze
16008,478.78,Bronze
12644,477.90999999999997,Bronze
12479,477.3,Bronze
15091,476.96,Bronze
15344,476.58,Bronze
12447,476.49,Bronze
15780,475.28000000000003,Bronze
15349,473.81,Bronze
15557,473.65000000000003,Bronze
16859,473.14,Bronze
16374,473.03,Bronze
14013,473.02,Bronze
17950,472.12,Bronze
17964,471.7,Bronze
13043,471.57,Bronze
16885,471.51,Bronze
15963,470.76,Bronze
15471,469.48,Bronze
15026,469.0,Bronze
13005,468.95,Bronze
14896,468.77000000000004,Bronze
14147,468.4,Bronze
14335,468.26,Bronze
14029,467.66,Bronze
13579,467.04,Bronze
13248,465.68,Bronze
15036,465.55,Bronze
17140,465.32,Bronze
13928,464.57,Bronze
16586,463.95,Bronze
14967,463.8,Bronze
15109,463.75,Bronze
12787,463.66,Bronze
17418,463.46000000000004,Bronze
14489,463.38,Bronze
14853,463.05,Bronze
12945,462.95,Bronze
14331,462.66,Bronze
14470,461.19,Bronze
12391,460.89,Bronze
16824,460.64,Bronze
16805,460.59000000000003,Bronze
12491,460.40000000000003,Bronze
15535,459.9,Bronze
13092,459.83,Bronze
12355,459.40000000000003,Bronze
16589,459.24,Bronze
17880,458.92,Bronze
16768,458.04,Bronze
17392,457.91,Bronze
15092,457.81,Bronze
15121,457.72,Bronze
14497,457.47,Bronze
13398,457.34000000000003,Bronze
12564,456.90000000000003,Bronze
15589,456.58,Bronze
15018,456.26,Bronze
12999,455.88,Bronze
15754,455.67,Bronze
12375,455.42,Bronze
15585,455.3,Bronze
16529,455.25,Bronze
15223,454.90000000000003,Bronze
16038,454.33,Bronze
13485,454.24,Bronze
15475,454.11,Bronze
17564,454.01,Bronze
12729,453.01,Bronze
18071,453.0,Bronze
14184,452.89,Bronze
12591,452.84999999999997,Bronze
13506,452.82,Bronze
17460,452.63000000000005,Bronze
12970,452.24,Bronze
18158,451.75,Bronze
16574,451.44,Bronze
14173,450.84,Bronze
17040,449.73,Bronze
13489,449.52,Bronze
12448,449.45,Bronze
15739,449.12,Bronze
18176,448.65,Bronze
14780,447.68,Bronze
15456,447.22,Bronze
15368,446.94000000000005,Bronze
15889,446.87,Bronze
17370,446.18,Bronze
18006,444.68,Bronze
16898,444.46000000000004,Bronze
14638,443.6,Bronze
16404,443.05,Bronze
18222,443.0,Bronze
14093,442.85,Bronze
16163,441.59999999999997,Bronze
15877,440.78,Bronze
17579,440.2,Bronze
18233,440.0,Bronze
15524,440.0,Bronze
14022,440.0,Bronze
16025,439.65999999999997,Bronze
16968,439.43,Bronze
13358,439.03000000000003,Bronze
14513,438.49,Bronze
15468,438.46000000000004,Bronze
15881,438.24,Bronze
14272,437.96,Bronze
12552,437.82,Bronze
16034,437.70000000000005,Bronze
12592,437.6,Bronze
15553,437.23,Bronze
16084,436.18,Bronze
15551,436.06,Bronze
16948,435.02,Bronze
16236,432.2,Bronze
16881,432.0,Bronze
13338,431.82,Bronze
13359,431.26,Bronze
15976,430.94,Bronze
13066,430.9,Bronze
18106,430.7,Bronze
13245,430.5,Bronze
12795,430.48,Bronze
12827,430.15,Bronze
14998,429.87,Bronze
16884,429.84,Bronze
15450,429.84,Bronze
15230,429.6,Bronze
13602,428.89,Bronze
15957,428.89,Bronze
16324,428.68,Bronze
12452,428.57000000000005,Bronze
17869,428.18,Bronze
15360,427.93,Bronze
12725,427.8,Bronze
12740,427.6,Bronze
15994,427.07,Bronze
13171,426.81,Bronze
17223,426.79,Bronze
15930,426.63,Bronze
15406,426.61,Bronze
15639,425.32,Bronze
16780,425.19,Bronze
15646,425.14000000000004,Bronze
17134,425.0,Bronze
17371,423.89,Bronze
13140,423.72,Bronze
16119,423.36,Bronze
15012,423.04,Bronze
18034,422.88,Bronze
17525,422.7,Bronze
18240,422.58,Bronze
16233,422.13,Bronze
17232,421.52,Bronze
14757,420.5,Bronze
15206,420.3,Bronze
14124,419.58,Bronze
15361,418.92,Bronze
15967,418.83,Bronze
12593,418.1,Bronze
17701,417.95,Bronze
15433,417.87,Bronze
16629,417.73,Bronze
16737,417.6,Bronze
13473,417.54,Bronze
12833,417.38,Bronze
18001,417.23,Bronze
16816,417.06,Bronze
13889,416.90000000000003,Bronze
15935,416.86,Bronze
12493,416.79,Bronze
16957,416.64,Bronze
15803,415.82000000000005,Bronze
14139,415.82,Bronze
12580,415.7,Bronze
15725,415.25,Bronze
16795,414.88,Bronze
12993,414.76,Bronze
13166,414.7,Bronze
17483,414.04,Bronze
14288,413.85,Bronze
17052,413.75,Bronze
13974,413.59000000000003,Bronze
16834,413.46,Bronze
12802,412.58,Bronze
13827,412.05,Bronze
15523,412.01000000000005,Bronze
16272,411.7,Bronze
17913,411.6,Bronze
14670,411.53,Bronze
15186,411.41,Bronze
12579,410.72,Bronze
15099,410.48,Bronze
15695,409.98,Bronze
12930,409.90000000000003,Bronze
12403,409.7,Bronze
14348,409.57,Bronze
12990,409.5,Bronze
15225,409.40000000000003,Bronze
16243,409.1,Bronze
16018,408.9,Bronze
15269,408.8,Bronze
16399,408.57,Bronze
17931,408.36,Bronze
16010,407.5,Bronze
15184,406.76,Bronze
15127,406.53000000000003,Bronze
16947,406.48,Bronze
14616,406.08000000000004,Bronze
16204,405.71,Bronze
18036,405.62,Bronze
12922,405.38,Bronze
17379,404.66,Bronze
15938,404.58000000000004,Bronze
16319,404.40000000000003,Bronze
12498,403.70000000000005,Bronze
17431,403.3,Bronze
12386,401.9,Bronze
15158,401.40000000000003,Bronze
16500,400.86,Bronze
16198,400.68100000000004,Bronze
12792,400.54,Bronze
14157,400.43,Bronze
13615,399.99,Bronze
15809,399.21,Bronze
18154,399.19,Bronze
15522,398.84,Bronze
17830,398.7,Bronze
12508,398.27,Bronze
14431,397.76000000000005,Bronze
17926,397.29,Bronze
12824,397.12,Bronze
13594,396.97,Bronze
13673,396.92,Bronze
17486,396.87,Bronze
15883,396.48,Bronze
18067,396.33,Bronze
16354,395.8,Bronze
18164,394.7,Bronze
16207,394.38,Bronze
15386,394.14,Bronze
15264,393.74,Bronze
17226,393.49,Bronze
14600,393.33000000000004,Bronze
14620,393.28000000000003,Bronze
15837,391.98,Bronze
15342,391.76,Bronze
16917,391.52,Bronze
13255,390.65999999999997,Bronze
17614,390.07,Bronze
14910,389.86,Bronze
17936,389.84,Bronze
14752,389.64000000000004,Bronze
16250,389.44,Bronze
13352,389.28000000000003,Bronze
15847,389.27,Bronze
12690,389.01,Bronze
17595,388.79,Bronze
15592,388.58,Bronze
13899,388.52,Bronze
17035,388.33000000000004,Bronze
16776,388.28,Bronze
14538,388.25,Bronze
17357,388.14,Bronze
17817,387.68,Bronze
17508,387.31,Bronze
14114,386.53,Bronze
14779,386.15,Bronze
14420,385.87,Bronze
13821,385.64,Bronze
17711,385.1,Bronze
13833,384.8,Bronze
17250,384.52,Bronze
17189,384.4,Bronze
17205,384.08,Bronze
16982,384.06,Bronze
12733,383.95,Bronze
12515,383.7,Bronze
15440,383.68,Bronze
15424,383.34,Bronze
14460,383.34,Bronze
12832,383.03000000000003,Bronze
13817,382.98,Bronze
18181,382.8,Bronze
13657,382.14,Bronze
17999,382.06,Bronze
13873,381.7,Bronze
15090,381.32,Bronze
16441,381.2,Bronze
12871,380.64,Bronze
15048,380.57,Bronze
16930,380.55,Bronze
17138,380.5,Bronze
12890,380.46999999999997,Bronze
16769,380.39,Bronze
17031,380.35,Bronze
14731,380.02,Bronze
17239,379.95000000000005,Bronze
14594,379.83,Bronze
16552,379.73,Bronze
13656,379.65,Bronze
13589,379.65,Bronze
14619,379.51,Bronze
17878,379.45,Bronze
16484,379.4,Bronze
15885,379.35,Bronze
13372,378.64,Bronze
13954,378.59,Bronze
17438,378.3,Bronze
17078,378.2,Bronze
13345,377.6,Bronze
12982,377.2,Bronze
15025,377.01,Bronze
17489,376.64,Bronze
14448,375.35,Bronze
14048,375.13,Bronze
14079,375.1,Bronze
16147,375.0,Bronze
14067,374.7,Bronze
17492,374.57,Bronze
12873,374.0,Bronze
13351,373.94,Bronze
13569,373.75,Bronze
16903,373.24,Bronze
16239,372.9,Bronze
17375,372.5,Bronze
12981,372.21999999999997,Bronze
16065,372.09,Bronze
17765,371.88,Bronze
15472,371.56,Bronze
15975,371.01,Bronze
15063,370.79999999999995,Bronze
16343,370.48,Bronze
16758,369.34000000000003,Bronze
14888,369.2,Bronze
16372,367.93,Bronze
15345,367.69,Bronze
17911,366.23,Bronze
17358,365.85,Bronze
17432,365.76,Bronze
13300,365.29,Bronze
16202,365.27,Bronze
15429,364.9,Bronze
14886,364.8,Bronze
15949,364.72,Bronze
12373,364.6,Bronze
15343,364.5,Bronze
14528,364.21999999999997,Bronze
16909,364.14,Bronze
12538,363.95,Bronze
17330,363.9,Bronze
15901,363.88,Bronze
14171,363.79,Bronze
16509,363.70000000000005,Bronze
18056,363.65,Bronze
16485,363.65,Bronze
12915,363.65,Bronze
15922,363.6,Bronze
14932,363.53,Bronze
13856,363.4,Bronze
14427,363.34000000000003,Bronze
16378,362.95,Bronze
17573,362.9,Bronze
16052,362.06,Bronze
13844,361.62,Bronze
13936,361.28000000000003,Bronze
14950,361.25,Bronze
16305,361.22,Bronze
13291,361.11,Bronze
15872,360.93,Bronze
16595,360.16,Bronze
13780,360.01,Bronze
13298,360.0,Bronze
15664,358.63,Bronze
14690,358.61,Bronze
17948,358.56000000000006,Bronze
16823,358.38,Bronze
13228,358.0,Bronze
13976,357.98,Bronze
16274,357.95,Bronze
17025,357.77,Bronze
18040,357.20000000000005,Bronze
13453,356.98,Bronze
14500,356.85,Bronze
15247,356.0,Bronze
12544,355.7,Bronze
14537,355.56,Bronze
12617,355.53000000000003,Bronze
17742,355.11,Bronze
13642,354.8,Bronze
17222,354.15,Bronze
12845,354.09000000000003,Bronze
15870,354.09000000000003,Bronze
12715,353.86,Bronze
17252,353.86,Bronze
13173,353.65000000000003,Bronze
13210,353.48,Bronze
14804,353.27,Bronze
17976,353.19,Bronze
15678,352.7,Bronze
18112,352.69,Bronze
15334,351.67,Bronze
14333,351.45,Bronze
15789,351.3,Bronze
13923,351.13,Bronze
15900,351.11,Bronze
13332,350.90000000000003,Bronze
13740,350.75,Bronze
17835,350.64,Bronze
17795,350.39,Bronze
13919,350.16,Bronze
13108,350.06,Bronze
12532,349.83000000000004,Bronze
13670,349.7,Bronze
13887,349.55,Bronze
15405,349.1,Bronze
13927,348.99,Bronze
13790,348.79999999999995,Bronze
18127,348.73,Bronze
12527,348.71000000000004,Bronze
15579,348.6,Bronze
16159,348.2,Bronze
13052,348.15000000000003,Bronze
14379,348.1,Bronze
18155,347.82,Bronze
17668,347.75,Bronze
12895,347.3,Bronze
13587,347.0,Bronze
13062,346.98,Bronze
15713,346.75,Bronze
12566,346.7,Bronze
13649,346.6,Bronze
16423,346.12,Bronze
16858,345.89000000000004,Bronze
15840,345.65999999999997,Bronze
17123,345.3,Bronze
13774,345.0,Bronze
14633,344.90000000000003,Bronze
16978,344.33,Bronze
17569,344.14,Bronze
13068,344.0,Bronze
15120,343.82,Bronze
15047,343.62,Bronze
15520,343.5,Bronze
18081,343.45,Bronze
12875,343.2300000000001,Bronze
14320,343.11,Bronze
18250,342.92,Bronze
17201,342.63,Bronze
16851,342.45,Bronze
16826,341.7,Bronze
13347,341.36,Bronze
17917,341.28,Bronze
14491,340.93,Bronze
12519,340.84000000000003,Bronze
15115,340.11,Bronze
13737,339.6,Bronze
17045,339.44,Bronze
16545,339.3,Bronze
17697,338.95,Bronze
17839,338.8,Bronze
16183,338.71000000000004,Bronze
15652,337.74,Bronze
17736,337.49,Bronze
15942,337.44,Bronze
13930,337.34,Bronze
17973,337.04,Bronze
16105,336.96,Bronze
17914,336.43,Bronze
17384,336.4,Bronze
15619,336.4,Bronze
14954,336.17,Bronze
18078,336.13,Bronze
15921,336.03000000000003,Bronze
14196,335.52,Bronze
16063,335.32,Bronze
17221,335.13,Bronze
12489,334.93,Bronze
14988,334.54,Bronze
15466,334.53,Bronze
12350,334.40000000000003,Bronze
15918,334.23,Bronze
13216,333.74,Bronze
15781,333.56,Bronze
13727,333.48,Bronze
16625,333.08,Bronze
13904,332.64,Bronze
16850,332.41,Bronze
16803,332.3,Bronze
16177,331.95,Bronze
16030,331.24,Bronze
15210,331.18,Bronze
16478,331.0,Bronze
12891,331.0,Bronze
17862,330.9,Bronze
15714,330.88,Bronze
13706,330.79,Bronze
14517,330.45,Bronze
15130,330.11,Bronze
16593,330.03,Bronze
12953,329.85,Bronze
14716,329.68,Bronze
17615,329.6,Bronze
13239,329.56,Bronze
17154,329.34,Bronze
15153,329.25,Bronze
14012,328.8,Bronze
16855,328.40000000000003,Bronze
16318,328.15000000000003,Bronze
15314,327.97,Bronze
14024,327.7,Bronze
16366,327.3,Bronze
14870,327.25,Bronze
16322,326.75,Bronze
14987,326.4,Bronze
17715,326.4,Bronze
16071,326.24,Bronze
12844,325.96000000000004,Bronze
16830,325.91,Bronze
17866,325.7,Bronze
15944,325.1,Bronze
15213,325.05,Bronze
12790,324.92,Bronze
13801,324.8,Bronze
18261,324.24,Bronze
16685,324.24,Bronze
14555,324.14,Bronze
15675,323.69,Bronze
18276,323.36,Bronze
17793,323.04,Bronze
13955,322.96,Bronze
16627,322.8,Bronze
16342,322.41,Bronze
14424,322.08,Bronze
14484,321.92,Bronze
14823,321.43,Bronze
13497,321.05,Bronze
15236,321.05,Bronze
18117,320.71999999999997,Bronze
12365,320.69,Bronze
16096,320.62,Bronze
14622,320.58000000000004,Bronze
13986,320.46,Bronze
13091,319.82,Bronze
16716,319.8000000000001,Bronze
16674,319.61,Bronze
14264,319.47,Bronze
16499,319.1,Bronze
16967,319.02,Bronze
17229,318.76,Bronze
17248,318.65,Bronze
14703,318.17,Bronze
12648,318.05,Bronze
15363,318.05,Bronze
18066,318.0,Bronze
17267,317.62,Bronze
16386,317.2,Bronze
15385,316.88,Bronze
15243,316.68,Bronze
16761,316.62,Bronze
15204,316.58,Bronze
17458,316.5,Bronze
13494,316.26000000000005,Bronze
14479,316.25,Bronze
15597,315.72,Bronze
12614,315.6,Bronze
16091,315.06,Bronze
15766,315.06,Bronze
16473,314.86,Bronze
17237,314.69,Bronze
16193,314.45,Bronze
12650,314.44,Bronze
14902,314.11,Bronze
15970,314.09999999999997,Bronze
13484,313.8,Bronze
12888,313.77,Bronze
16582,313.62,Bronze
14729,313.49,Bronze
15880,313.28,Bronze
17172,313.26,Bronze
13845,312.98,Bronze
15318,312.62,Bronze
16739,312.55,Bronze
12834,312.38,Bronze
17362,312.23,Bronze
17070,312.14,Bronze
16450,311.92,Bronze
14142,311.81,Bronze
15326,311.71,Bronze
14951,311.69,Bronze
14327,311.65000000000003,Bronze
13990,311.3,Bronze
17854,311.26,Bronze
13897,311.16,Bronze
17266,310.64,Bronze
15185,310.62,Bronze
15224,310.48,Bronze
14924,310.05,Bronze
15101,310.03000000000003,Bronze
15661,309.8,Bronze
15699,309.65,Bronze
14847,309.40000000000003,Bronze
17604,309.36,Bronze
12884,309.05,Bronze
13787,309.04,Bronze
15010,308.94,Bronze
13699,308.58000000000004,Bronze
17510,308.48,Bronze
16227,308.32000000000005,Bronze
14206,308.26,Bronze
16123,307.78000000000003,Bronze
13529,307.76,Bronze
13395,307.72,Bronze
13060,307.53000000000003,Bronze
17120,307.46,Bronze
13932,307.4,Bronze
13142,307.09000000000003,Bronze
15087,306.94,Bronze
17551,306.84,Bronze
16668,306.72,Bronze
17334,306.6,Bronze
17157,306.55,Bronze
13718,306.55,Bronze
15659,306.45,Bronze
17176,306.13,Bronze
15219,305.75,Bronze
12785,305.71,Bronze
16796,305.62,Bronze
16181,305.54,Bronze
13045,305.28000000000003,Bronze
12623,305.1,Bronze
13667,305.02,Bronze
17941,304.56,Bronze
15163,304.47,Bronze
18185,304.25,Bronze
17732,303.97,Bronze
16400,303.93,Bronze
13343,303.93,Bronze
13083,303.75,Bronze
16689,303.26,Bronze
17433,303.16,Bronze
15060,303.09000000000003,Bronze
16425,302.7,Bronze
14248,302.58,Bronze
18165,302.46,Bronze
16104,302.36,Bronze
15308,302.27,Bronze
15054,302.1,Bronze
16715,301.71999999999997,Bronze
15667,301.32000000000005,Bronze
15148,301.29,Bronze
15623,301.03000000000003,Bronze
17978,300.91999999999996,Bronze
16430,300.85,Bronze
16479,300.83,Bronze
14762,300.52,Bronze
13304,300.42,Bronze
15254,300.36,Bronze
12852,299.75,Bronze
16402,299.6,Bronze
13863,299.56,Bronze
18215,299.34000000000003,Bronze
17124,298.89,Bronze
17255,298.41,Bronze
17824,298.4,Bronze
17678,298.11,Bronze
12881,298.0,Bronze
13466,297.95,Bronze
18220,297.78,Bronze
18053,297.07,Bronze
15857,297.0,Bronze
13708,296.88,Bronze
14985,296.75,Bronze
18059,296.71,Bronze
13441,296.64,Bronze
13751,296.25,Bronze
13504,295.93,Bronze
17912,295.61,Bronze
16781,294.65000000000003,Bronze
13573,294.40000000000003,Bronze
14747,294.3,Bronze
17506,294.29,Bronze
15732,294.12,Bronze
17531,293.45,Bronze
17163,293.1,Bronze
15545,292.71999999999997,Bronze
16721,292.47,Bronze
16956,292.34,Bronze
13259,292.32,Bronze
13502,292.0,Bronze
13449,291.88,Bronze
13745,291.54,Bronze
13544,291.41,Bronze
14656,291.05,Bronze
13479,291.0,Bronze
14947,290.82,Bronze
17691,290.40000000000003,Bronze
16526,290.36,Bronze
17081,290.16,Bronze
14784,289.99,Bronze
17464,289.96000000000004,Bronze
14339,289.91,Bronze
14953,289.82,Bronze
14162,289.36,Bronze
16125,289.35,Bronze
14549,289.24,Bronze
17501,288.6,Bronze
16808,288.42,Bronze
15396,288.18,Bronze
17977,288.14,Bronze
17760,287.59,Bronze
16432,287.40000000000003,Bronze
16998,287.02,Bronze
13760,286.79,Bronze
16555,285.89,Bronze
14660,285.74,Bronze
17080,285.5,Bronze
16429,284.55,Bronze
13439,283.71,Bronze
17783,283.47,Bronze
17251,283.28000000000003,Bronze
17694,283.12,Bronze
13754,282.6,Bronze
13177,282.45,Bronze
17247,282.19,Bronze
16557,281.85,Bronze
17403,281.62,Bronze
16848,281.42,Bronze
16292,280.9,Bronze
14242,280.55,Bronze
13606,280.54,Bronze
16149,280.52,Bronze
14975,279.94,Bronze
15556,279.77,Bronze
14480,279.05,Bronze
17786,278.74,Bronze
14850,278.15,Bronze
14908,277.8,Bronze
15279,277.41,Bronze
17968,277.35,Bronze
13803,277.07,Bronze
15355,277.05,Bronze
16883,276.73,Bronze
13272,276.56,Bronze
14508,276.42,Bronze
12750,275.88,Bronze
16810,275.64,Bronze
16297,275.4,Bronze
14512,275.28,Bronze
12703,274.7,Bronze
18190,274.51,Bronze
16313,274.15000000000003,Bronze
16727,272.82,Bronze
17254,272.44,Bronze
13085,272.38,Bronze
17498,272.21999999999997,Bronze
14819,272.07,Bronze
13917,272.04,Bronze
14816,271.85,Bronze
13058,271.40000000000003,Bronze
13837,271.24,Bronze
17767,271.2,Bronze
17496,271.05,Bronze
17011,270.9,Bronze
16648,270.86,Bronze
15774,270.8,Bronze
13533,270.79,Bronze
14520,270.6,Bronze
13242,270.40000000000003,Bronze
17094,270.20000000000005,Bronze
15609,270.03000000000003,Bronze
14727,268.58,Bronze
15408,267.18,Bronze
17550,267.16,Bronze
15320,267.13,Bronze
17708,267.08,Bronze
15517,267.03,Bronze
16451,266.97,Bronze
14863,266.76,Bronze
15119,266.4,Bronze
12962,266.39,Bronze
15019,266.0,Bronze
17636,265.93,Bronze
14068,265.85,Bronze
17430,265.76,Bronze
14423,265.2,Bronze
13973,264.7,Bronze
18108,264.65,Bronze
15912,264.62,Bronze
14452,264.44,Bronze
13369,263.75,Bronze
15894,263.55,Bronze
12492,263.21000000000004,Bronze
16936,262.68,Bronze
17194,262.62,Bronze
16413,262.2,Bronze
17385,261.11,Bronze
13189,260.68,Bronze
14053,260.25,Bronze
15014,260.17,Bronze
15143,259.45,Bronze
14149,259.43,Bronze
16217,259.39000000000004,Bronze
17125,259.35,Bronze
13127,259.17,Bronze
16447,259.01,Bronze
15577,258.88,Bronze
14915,258.83000000000004,Bronze
14350,258.7,Bronze
13277,258.4,Bronze
13227,257.7,Bronze
14375,257.68,Bronze
13626,257.23,Bronze
12430,256.4,Bronze
13806,256.38,Bronze
17896,256.32,Bronze
14761,255.9,Bronze
15277,255.89999999999998,Bronze
14881,255.4,Bronze
16226,255.12,Bronze
15261,254.82,Bronze
13121,254.73,Bronze
12604,254.18,Bronze
14765,254.11,Bronze
15689,254.1,Bronze
12829,253.05,Bronze
15759,253.04000000000002,Bronze
17860,252.8,Bronze
15035,252.73000000000002,Bronze
13404,252.49,Bronze
15346,252.42000000000002,Bronze
18009,252.24,Bronze
13645,252.1,Bronze
13711,252.06,Bronze
16836,251.87,Bronze
17155,251.7,Bronze
16976,251.51999999999998,Bronze
16024,251.24,Bronze
13512,251.21,Bronze
14764,250.55,Bronze
13207,250.26000000000002,Bronze
16596,250.15,Bronze
17303,250.04,Bronze
15510,250.0,Bronze
17456,249.86,Bronze
17190,249.74,Bronze
18005,249.72,Bronze
17111,248.61,Bronze
13061,248.61,Bronze
18212,248.42,Bronze
16510,248.1,Bronze
15097,248.08,Bronze
13592,247.95999999999998,Bronze
15107,247.66,Bronze
13349,247.32,Bronze
14658,247.15,Bronze
17051,247.14,Bronze
15783,246.3,Bronze
17278,246.04000000000002,Bronze
12908,246.0,Bronze
16778,245.94,Bronze
17771,245.81,Bronze
12660,245.10000000000002,Bronze
16601,244.8,Bronze
15118,244.8,Bronze
16528,244.41,Bronze
17892,244.1,Bronze
17925,244.08,Bronze
13103,243.94,Bronze
16793,243.84,Bronze
16048,243.69000000000003,Bronze
13886,243.56,Bronze
15634,243.55,Bronze
17339,243.36,Bronze
17908,243.28,Bronze
14647,243.22,Bronze
16215,242.35,Bronze
16330,242.21,Bronze
15776,241.62,Bronze
14523,241.09,Bronze
16427,241.06,Bronze
15286,240.55,Bronze
15154,240.27,Bronze
13565,240.22,Bronze
17256,240.0,Bronze
17181,239.92000000000002,Bronze
15690,239.76,Bronze
13570,239.49,Bronze
17684,239.41,Bronze
16756,239.4,Bronze
18270,238.95000000000002,Bronze
12561,238.85,Bronze
15850,238.85,Bronze
12718,238.25,Bronze
17877,237.61,Bronze
15457,237.07,Bronze
18024,236.77999999999997,Bronze
12732,236.26000000000002,Bronze
16026,236.09,Bronze
13187,236.02,Bronze
15598,235.68,Bronze
15462,234.6,Bronze
14473,234.34,Bronze
17060,234.24,Bronze
16961,234.17000000000002,Bronze
12736,234.0,Bronze
15483,233.81,Bronze
13348,233.76000000000002,Bronze
16583,233.45,Bronze
14995,233.23000000000002,Bronze
13678,232.6,Bronze
18213,232.48000000000002,Bronze
16117,232.21,Bronze
16971,232.20999999999998,Bronze
15257,232.14999999999998,Bronze
15393,231.86,Bronze
16641,231.1,Bronze
16321,230.70000000000002,Bronze
15866,230.53,Bronze
16445,230.51,Bronze
13786,230.4,Bronze
16926,230.25,Bronze
13960,230.22,Bronze
14311,229.71,Bronze
12812,229.64000000000001,Bronze
13474,229.59,Bronze
15528,229.33,Bronze
17347,228.96,Bronze
13146,228.91,Bronze
13712,228.84,Bronze
13070,228.8,Bronze
17969,228.2,Bronze
16527,228.06,Bronze
14569,227.39,Bronze
17212,226.85,Bronze
17572,226.75000000000003,Bronze
16315,226.37,Bronze
16777,226.35,Bronze
12672,225.9,Bronze
17789,225.9,Bronze
14624,225.85,Bronze
14357,225.77,Bronze
12402,225.60000000000002,Bronze
14052,225.35999999999999,Bronze
16587,225.15,Bronze
17171,224.91,Bronze
15175,224.14,Bronze
16471,223.95000000000002,Bronze
16753,223.92000000000002,Bronze
14929,223.88,Bronze
13926,223.85000000000002,Bronze
18101,223.65,Bronze
15637,223.36,Bronze
17534,223.36,Bronze
13382,222.99,Bronze
15897,222.05,Bronze
14598,221.97,Bronze
14960,221.27,Bronze
16392,221.19,Bronze
13419,221.06,Bronze
15790,220.85,Bronze
18030,220.7,Bronze
16482,220.62,Bronze
13079,220.10000000000002,Bronze
18114,220.1,Bronze
13600,219.52,Bronze
15096,219.39000000000001,Bronze
16895,219.14,Bronze
12702,219.0,Bronze
14205,218.78,Bronze
13669,218.55,Bronze
17619,218.52,Bronze
13428,218.47,Bronze
12574,218.45000000000002,Bronze
14570,218.06,Bronze
16634,217.9,Bronze
15554,217.2,Bronze
13739,216.9,Bronze
13503,216.85,Bronze
15460,216.76,Bronze
12897,216.5,Bronze
15604,216.39000000000001,Bronze
17436,216.3,Bronze
14104,216.21,Bronze
13858,216.17000000000002,Bronze
16179,215.83,Bronze
15052,215.78,Bronze
17580,215.72,Bronze
14476,215.7,Bronze
16189,215.48,Bronze
16190,215.08,Bronze
16519,215.07999999999998,Bronze
12831,215.05,Bronze
12588,214.89999999999998,Bronze
16338,214.8,Bronze
16411,214.65,Bronze
16846,214.32,Bronze
14793,214.14000000000001,Bronze
16647,214.06,Bronze
14601,213.96,Bronze
13621,213.85,Bronze
17153,213.78,Bronze
14241,213.70000000000002,Bronze
13411,213.55,Bronze
16591,213.5,Bronze
15540,213.3,Bronze
14984,213.27,Bronze
16897,213.03,Bronze
18193,212.96,Bronze
16302,212.82,Bronze
17928,212.54,Bronze
15724,212.3,Bronze
16017,211.88,Bronze
15703,211.5,Bronze
16415,210.35,Bronze
16356,210.32,Bronze
13532,210.31,Bronze
13828,209.49,Bronze
17855,208.97,Bronze
15327,208.75,Bronze
17514,208.65,Bronze
16690,208.63,Bronze
16914,208.46,Bronze
16457,208.36,Bronze
18191,207.8,Bronze
12547,207.8,Bronze
16866,207.74,Bronze
17923,207.50000000000003,Bronze
16323,207.50000000000003,Bronze
16752,207.5,Bronze
13099,207.36,Bronze
15925,207.15,Bronze
15820,206.98,Bronze
18126,206.83,Bronze
14964,206.21,Bronze
18110,206.05,Bronze
13065,205.86,Bronze
17670,205.7,Bronze
17843,205.48,Bronze
15307,205.3,Bronze
15758,205.25,Bronze
13513,205.1,Bronze
15319,204.5,Bronze
16619,204.41,Bronze
17206,204.24,Bronze
13017,204.0,Bronze
18273,204.0,Bronze
17187,203.95,Bronze
17889,203.87,Bronze
17394,203.86999999999998,Bronze
17891,203.85999999999999,Bronze
17376,203.2,Bronze
15723,203.10000000000002,Bronze
14381,202.68,Bronze
18169,202.65,Bronze
14385,202.10999999999999,Bronze
15347,201.60000000000002,Bronze
16965,201.19,Bronze
13859,201.16,Bronze
12995,200.72,Bronze
13262,200.29,Bronze
15437,200.16,Bronze
13980,200.14,Bronze
14782,200.10000000000002,Bronze
13723,199.85000000000002,Bronze
15593,199.8,Bronze
13322,199.48000000000002,Bronze
17383,199.29,Bronze
16832,199.15,Bronze
17987,198.57,Bronze
13295,197.95000000000002,Bronze
16178,197.9,Bronze
12450,197.88,Bronze
12581,197.71,Bronze
14185,197.65,Bronze
14789,197.64,Bronze
17301,197.63,Bronze
16829,197.22,Bronze
14830,197.13,Bronze
14304,197.1,Bronze
15234,197.0,Bronze
13436,196.89,Bronze
13978,196.79,Bronze
13284,196.15,Bronze
17660,196.0,Bronze
16112,195.74,Bronze
13792,195.55,Bronze
14666,195.25,Bronze
15612,195.15,Bronze
14100,194.9,Bronze
16887,194.88,Bronze
17475,194.37,Bronze
12797,194.18,Bronze
15683,193.75,Bronze
17343,193.64,Bronze
15198,193.64,Bronze
16847,193.44,Bronze
17608,193.42,Bronze
14806,193.39000000000001,Bronze
14801,193.14,Bronze
13568,192.85,Bronze
12522,192.72,Bronze
12791,192.60000000000002,Bronze
15909,191.94,Bronze
14966,191.32,Bronze
17988,191.17000000000002,Bronze
15692,191.04,Bronze
17233,190.88,Bronze
13033,190.55,Bronze
15412,190.53,Bronze
14501,190.31,Bronze
13972,190.25,Bronze
17885,190.19,Bronze
12361,189.9,Bronze
17166,189.49,Bronze
13663,189.47,Bronze
18045,189.4,Bronze
16448,188.89000000000001,Bronze
14697,188.61,Bronze
12893,188.14,Bronze
17781,188.02,Bronze
14722,187.92,Bronze
17279,187.82999999999998,Bronze
16900,187.69,Bronze
18013,187.29,Bronze
16124,187.15,Bronze
17693,187.02,Bronze
14551,186.23,Bronze
15567,186.01,Bronze
12641,185.9,Bronze
17574,185.65,Bronze
17010,185.46,Bronze
14199,185.39999999999998,Bronze
16097,185.04999999999998,Bronze
13482,184.64000000000001,Bronze
17680,184.4,Bronze
16433,184.26,Bronze
15124,184.19,Bronze
16680,183.7,Bronze
14059,183.6,Bronze
13460,183.44,Bronze
13059,183.4,Bronze
15746,182.96,Bronze
17772,182.77,Bronze
14082,182.25,Bronze
14087,181.67,Bronze
18119,181.12,Bronze
16594,181.09,Bronze
15886,181.09,Bronze
15945,181.0,Bronze
15292,180.94,Bronze
16835,180.85,Bronze
18280,180.60000000000002,Bronze
13710,180.48,Bronze
15041,180.35,Bronze
12622,180.1,Bronze
12586,179.94000000000003,Bronze
18147,179.34,Bronze
15895,179.17,Bronze
15454,179.1,Bronze
14705,179.0,Bronze
16990,179.0,Bronze
16620,178.96,Bronze
15139,178.96,Bronze
15262,178.95000000000002,Bronze
17904,178.92000000000002,Bronze
13778,178.7,Bronze
17879,178.52,Bronze
13008,178.47,Bronze
17253,178.26,Bronze
13271,178.26,Bronze
17356,178.22,Bronze
13618,177.34,Bronze
12618,177.31,Bronze
13072,177.15,Bronze
17440,177.1,Bronze
12923,176.97,Bronze
17947,176.68,Bronze
18282,176.6,Bronze
16080,176.6,Bronze
12509,176.5,Bronze
17582,175.27,Bronze
17331,175.2,Bronze
16144,175.2,Bronze
18010,174.8,Bronze
13826,174.65,Bronze
14355,174.4,Bronze
14518,174.37,Bronze
13560,174.37,Bronze
15335,173.97,Bronze
18278,173.9,Bronze
14798,173.74,Bronze
16565,173.7,Bronze
12441,173.55,Bronze
15565,173.16000000000003,Bronze
15670,173.05,Bronze
14693,172.9,Bronze
18048,172.29000000000002,Bronze
13922,172.25,Bronze
13690,172.25,Bronze
12442,172.06,Bronze
14536,171.8,Bronze
16773,171.59,Bronze
17245,171.45000000000002,Bronze
15432,171.19000000000003,Bronze
17542,170.75,Bronze
18058,170.16,Bronze
15016,170.04,Bronze
16921,169.79,Bronze
13962,169.54999999999998,Bronze
14218,169.48000000000002,Bronze
18004,169.47,Bronze
12367,168.9,Bronze
14578,168.63,Bronze
14860,168.62,Bronze
17367,168.4,Bronze
18099,168.31,Bronze
16282,168.3,Bronze
17737,168.24,Bronze
15986,168.12,Bronze
12551,168.0,Bronze
15374,168.0,Bronze
18088,167.67000000000002,Bronze
17561,167.62,Bronze
16952,167.61,Bronze
15920,167.5,Bronze
13598,167.42000000000002,Bronze
16405,167.25,Bronze
14326,166.85,Bronze
18014,166.42,Bronze
17650,166.07999999999998,Bronze
12817,166.04000000000002,Bronze
14485,165.75,Bronze
14552,165.07,Bronze
18042,165.04999999999998,Bronze
15316,165.0,Bronze
13470,165.0,Bronze
15904,164.68,Bronze
17535,164.4,Bronze
13603,164.34,Bronze
12920,164.23,Bronze
18200,163.8,Bronze
14354,163.62,Bronze
17110,163.29999999999998,Bronze
13223,163.2,Bronze
16406,163.07,Bronze
15167,163.0,Bronze
16517,162.70000000000002,Bronze
15733,162.3,Bronze
15325,162.29,Bronze
16932,161.94,Bronze
17600,161.67000000000002,Bronze
15458,161.64,Bronze
16113,161.38,Bronze
14362,161.2,Bronze
16403,161.05,Bronze
14204,161.03,Bronze
14237,161.0,Bronze
14089,161.0,Bronze
13229,160.95,Bronze
15852,160.71,Bronze
17344,160.57,Bronze
12573,160.54000000000002,Bronze
18203,160.42000000000002,Bronze
18146,160.35,Bronze
14714,160.19,Bronze
12966,160.18,Bronze
16213,159.0,Bronze
18224,158.95000000000002,Bronze
13937,158.85,Bronze
17165,158.68,Bronze
15160,158.16,Bronze
15348,158.04,Bronze
15988,158.03,Bronze
17556,157.9,Bronze
14799,157.7,Bronze
14148,157.2,Bronze
17128,157.09,Bronze
14585,157.05,Bronze
17118,157.02,Bronze
15007,156.91,Bronze
14406,156.75,Bronze
15438,156.57999999999998,Bronze
15263,156.51,Bronze
13898,155.93,Bronze
17871,155.9,Bronze
17899,155.8,Bronze
14813,155.43,Bronze
17832,155.37,Bronze
12738,155.35,Bronze
16720,155.24,Bronze
15447,155.17000000000002,Bronze
13809,155.05,Bronze
14368,155.0,Bronze
14046,154.99,Bronze
17698,154.95,Bronze
15740,154.88,Bronze
17026,154.83,Bronze
14295,154.70000000000002,Bronze
15226,154.41,Bronze
17517,153.94,Bronze
17286,153.92,Bronze
16351,153.9,Bronze
12602,153.12,Bronze
17714,153.0,Bronze
16248,152.94,Bronze
17984,152.68,Bronze
18138,152.65,Bronze
14066,152.55,Bronze
17707,152.4,Bronze
13514,152.20000000000002,Bronze
14039,152.2,Bronze
17898,152.06,Bronze
16617,151.85,Bronze
16412,151.83,Bronze
14208,151.74,Bronze
16861,151.65,Bronze
16461,151.42,Bronze
13697,151.3,Bronze
14287,151.23,Bronze
16337,151.05,Bronze
15717,150.3,Bronze
17234,149.89,Bronze
15869,149.64,Bronze
17946,149.57999999999998,Bronze
18262,149.48,Bronze
15748,149.31,Bronze
15435,149.29,Bronze
13003,149.05,Bronze
17549,148.86,Bronze
15526,148.44,Bronze
17859,148.21,Bronze
14968,147.59,Bronze
14098,147.35,Bronze
14037,147.20000000000002,Bronze
12864,147.12,Bronze
15503,147.09,Bronze
17030,146.87,Bronze
14238,146.85,Bronze
16893,145.93,Bronze
17935,145.79,Bronze
13866,145.67,Bronze
15937,145.35000000000002,Bronze
17524,145.0,Bronze
16852,144.91,Bronze
12974,144.8,Bronze
17186,144.0,Bronze
12587,144.0,Bronze
13462,143.25,Bronze
15705,143.1,Bronze
16287,142.5,Bronze
13299,142.5,Bronze
14386,142.4,Bronze
13584,142.4,Bronze
13561,141.85999999999999,Bronze
14041,141.41,Bronze
15888,141.27,Bronze
16598,140.7,Bronze
15388,140.54,Bronze
13420,140.35,Bronze
13483,140.34,Bronze
14494,139.56,Bronze
14073,139.54,Bronze
14768,139.5,Bronze
16483,139.35,Bronze
17718,139.35,Bronze
14772,139.26,Bronze
18209,139.10000000000002,Bronze
13273,138.98,Bronze
18269,138.9,Bronze
12902,138.68,Bronze
14581,138.6,Bronze
17122,138.32,Bronze
13716,138.28,Bronze
15663,138.14,Bronze
12512,138.03,Bronze
16050,137.9,Bronze
17709,137.45,Bronze
17468,137.0,Bronze
15691,136.8,Bronze
14247,136.77,Bronze
17972,136.04,Bronze
12968,135.95,Bronze
15042,135.93,Bronze
14889,135.9,Bronze
15419,135.86,Bronze
16114,135.75000000000003,Bronze
15174,135.75,Bronze
16665,135.4,Bronze
15276,135.31,Bronze
12851,135.18,Bronze
16055,134.8,Bronze
14340,134.7,Bronze
15562,134.55,Bronze
14174,134.46,Bronze
14586,134.16,Bronze
12837,134.1,Bronze
14280,134.04,Bronze
13217,133.62,Bronze
14349,133.5,Bronze
12445,133.4,Bronze
17881,133.35,Bronze
15709,133.25,Bronze
17647,133.06,Bronze
17785,131.94,Bronze
14438,131.9,Bronze
17297,131.78,Bronze
17455,131.7,Bronze
14795,131.45000000000002,Bronze
12565,131.17000000000002,Bronze
15844,130.73999999999998,Bronze
16679,129.75,Bronze
16623,129.45000000000002,Bronze
14483,129.20000000000002,Bronze
16828,128.5,Bronze
15543,127.86,Bronze
17359,127.86,Bronze
13781,127.84,Bronze
15135,127.15,Bronze
15578,127.1,Bronze
15923,127.08,Bronze
14962,126.7,Bronze
13279,126.30000000000001,Bronze
16414,126.25,Bronze
15463,126.14,Bronze
16988,126.12,Bronze
12814,125.92,Bronze
13522,125.80000000000001,Bronze
14861,125.79,Bronze
14890,125.65,Bronze
15017,125.58,Bronze
12531,125.22,Bronze
17148,124.88,Bronze
17578,124.74,Bronze
16849,124.57,Bronze
16569,124.2,Bronze
14495,123.80000000000001,Bronze
16658,123.24,Bronze
15917,123.1,Bronze
17967,123.07,Bronze
14413,122.7,Bronze
13876,122.7,Bronze
13638,122.64,Bronze
14165,122.53999999999999,Bronze
14076,122.47,Bronze
18018,122.14,Bronze
13244,121.74000000000001,Bronze
13182,121.18,Bronze
15049,121.17000000000002,Bronze
15512,121.0,Bronze
16611,120.99,Bronze
13002,120.95,Bronze
17446,120.89999999999999,Bronze
18015,120.03,Bronze
14314,120.0,Bronze
14259,120.0,Bronze
14453,119.93,Bronze
16542,119.62,Bronze
15266,119.3,Bronze
16666,118.98,Bronze
15843,118.95,Bronze
17079,118.80000000000001,Bronze
14155,118.75,Bronze
13581,118.0,Bronze
13193,117.88,Bronze
17654,117.55,Bronze
15836,117.47,Bronze
16959,117.35000000000001,Bronze
13877,117.24,Bronze
17117,116.2,Bronze
13170,116.00999999999999,Bronze
17601,116.00999999999999,Bronze
14143,115.8,Bronze
15350,115.65,Bronze
13067,115.46000000000001,Bronze
18027,115.31,Bronze
14972,114.77,Bronze
13188,114.6,Bronze
14632,114.56,Bronze
16247,114.56,Bronze
14974,114.39,Bronze
17852,114.34,Bronze
17219,114.23,Bronze
14652,114.18,Bronze
12938,114.14,Bronze
14582,114.11,Bronze
15221,114.1,Bronze
12651,114.0,Bronze
12504,114.0,Bronze
14457,113.64,Bronze
15445,113.5,Bronze
17217,113.5,Bronze
18105,113.48000000000002,Bronze
16913,113.44,Bronze
15280,113.12,Bronze
14689,112.80000000000001,Bronze
13161,112.75,Bronze
16697,112.75,Bronze
13807,112.6,Bronze
18129,112.55000000000001,Bronze
15610,112.46000000000001,Bronze
17038,112.4,Bronze
14271,112.32000000000001,Bronze
17893,112.25,Bronze
12756,112.08,Bronze
17274,111.98,Bronze
17957,111.68,Bronze
17887,111.35,Bronze
18120,111.15,Bronze
13508,110.97,Bronze
13144,110.95,Bronze
15537,110.92,Bronze
15853,110.8,Bronze
13519,110.8,Bronze
17349,110.75,Bronze
16963,110.55000000000001,Bronze
14641,110.46000000000001,Bronze
12734,110.39999999999999,Bronze
16792,110.38,Bronze
17901,110.38,Bronze
17836,110.21000000000001,Bronze
16339,109.95,Bronze
13133,109.8,Bronze
16363,109.36000000000001,Bronze
14699,109.13000000000001,Bronze
14345,108.98,Bronze
17639,108.5,Bronze
16106,108.38,Bronze
13226,108.21000000000001,Bronze
12956,108.07,Bronze
14661,107.95,Bronze
16784,107.6,Bronze
15395,107.45,Bronze
16757,106.83000000000001,Bronze
15168,106.56,Bronze
15070,106.2,Bronze
17791,106.1,Bronze
12929,105.1,Bronze
15775,104.9,Bronze
14027,104.82,Bronze
15607,104.76,Bronze
15958,104.35,Bronze
18174,104.0,Bronze
18255,103.30000000000001,Bronze
14542,103.25,Bronze
17962,102.83,Bronze
18011,102.78999999999999,Bronze
14836,102.45,Bronze
14981,102.12,Bronze
16462,102.0,Bronze
13948,102.0,Bronze
18068,101.7,Bronze
16516,101.69999999999999,Bronze
17643,101.55,Bronze
16006,101.4,Bronze
18086,101.34,Bronze
13101,101.19,Bronze
13235,101.17000000000007,Bronze
16344,101.10000000000001,Bronze
14946,100.9,Bronze
17427,100.8,Bronze
14371,100.5,Bronze
15973,99.77000000000002,Bronze
13703,99.5,Bronze
17939,99.14,Bronze
17746,98.8,Bronze
15256,98.45,Bronze
17538,98.42,Bronze
17895,98.0,Bronze
18033,97.97,Bronze
15422,97.7,Bronze
18277,97.63,Bronze
12984,97.5,Bronze
17325,96.8,Bronze
15216,96.6,Bronze
14642,96.12,Bronze
17024,95.85,Bronze
18249,95.34,Bronze
12548,95.19999999999999,Bronze
16387,94.36,Bronze
16073,94.35000000000001,Bronze
13651,94.2,Bronze
15397,94.0,Bronze
15428,93.78,Bronze
18227,93.75,Bronze
13283,93.66,Bronze
17991,93.35,Bronze
12821,92.72,Bronze
14054,92.46000000000001,Bronze
12789,91.85,Bronze
13551,91.80000000000001,Bronze
13160,91.8,Bronze
12659,91.68,Bronze
15488,91.32000000000001,Bronze
13947,90.60000000000001,Bronze
14353,90.6,Bronze
16506,90.30000000000001,Bronze
15552,90.12,Bronze
16597,90.04,Bronze
14117,90.0,Bronze
14219,89.94,Bronze
12686,89.14,Bronze
14436,89.06,Bronze
12353,89.0,Bronze
15212,88.95,Bronze
15083,88.2,Bronze
18084,87.53,Bronze
15180,87.5,Bronze
13296,87.4,Bronze
16498,86.12,Bronze
15541,85.13000000000001,Bronze
13841,85.0,Bronze
13666,84.65,Bronze
12401,84.3,Bronze
17309,82.75,Bronze
16424,82.56,Bronze
13006,81.57,Bronze
17620,81.44,Bronze
18281,80.82,Bronze
16789,80.80000000000001,Bronze
13967,80.7,Bronze
17752,80.64,Bronze
14109,80.2,Bronze
13747,79.6,Bronze
16078,79.2,Bronze
15753,79.2,Bronze
17942,77.50000000000001,Bronze
14785,77.4,Bronze
13132,77.3,Bronze
13992,76.8,Bronze
14373,76.55,Bronze
17536,76.5,Bronze
15668,76.32000000000001,Bronze
14090,76.32000000000001,Bronze
18113,76.32000000000001,Bronze
16148,76.32000000000001,Bronze
17995,76.1,Bronze
17628,75.75,Bronze
16610,75.66,Bronze
13403,75.0,Bronze
16468,74.9,Bronze
18050,74.4,Bronze
13095,74.39999999999999,Bronze
17960,73.78,Bronze
18032,73.5,Bronze
12506,73.5,Bronze
16171,73.19999999999999,Bronze
17906,72.9,Bronze
13686,72.0,Bronze
13938,71.66,Bronze
13185,71.4,Bronze
17022,71.0,Bronze
16581,70.44,Bronze
18037,70.02,Bronze
15863,68.84,Bronze
14393,67.95,Bronze
17382,65.4,Bronze
17747,64.65,Bronze
13684,64.23,Bronze
13130,64.0,Bronze
13302,63.75,Bronze
17263,63.440000000000005,Bronze
14840,62.85,Bronze
13218,62.64,Bronze
15516,62.43,Bronze
15729,62.0,Bronze
12665,61.75,Bronze
13194,60.7,Bronze
17174,59.9,Bronze
13391,59.8,Bronze
13682,59.5,Bronze
13106,59.5,Bronze
14957,58.49,Bronze
13080,58.08,Bronze
17775,56.4,Bronze
15899,56.25,Bronze
13366,56.16,Bronze
14760,53.8,Bronze
16349,53.5,Bronze
15504,52.83,Bronze
14865,52.2,Bronze
15313,52.0,Bronze
14682,52.0,Bronze
17844,51.559999999999995,Bronze
14351,51.0,Bronze
13011,50.550000000000004,Bronze
18184,49.8,Bronze
14821,48.800000000000004,Bronze
15603,48.480000000000004,Bronze
16257,46.95,Bronze
14080,45.599999999999994,Bronze
15423,43.5,Bronze
14300,43.2,Bronze
15992,41.989999999999995,Bronze
13832,40.95,Bronze
15178,40.5,Bronze
14589,39.75,Bronze
12977,39.239999999999995,Bronze
16659,39.12,Bronze
18019,38.45,Bronze
12855,38.1,Bronze
16162,37.4,Bronze
17816,36.56,Bronze
16856,35.400000000000006,Bronze
17831,35.400000000000006,Bronze
14576,35.400000000000006,Bronze
15744,34.8,Bronze
16765,34.0,Bronze
17408,32.65,Bronze
15940,31.799999999999997,Bronze
13120,30.6,Bronze
15657,30.0,Bronze
17102,25.5,Bronze
16953,20.8,Bronze
17986,20.8,Bronze
16093,17.0,Bronze
13307,15.0,Bronze
17763,15.0,Bronze
17900,15.0,Bronze
17956,12.75,Bronze
16738,3.75,Bronze
16446,2.8999999999941792,Bronze
12454,5.684341886080802e-14,Bronze
12558,1.0658141036401503e-14,Bronze
12607,7.105427357601002e-15,Bronze
13762,3.552713678800501e-15,Bronze
